BAM Statistics,WN2021,BGI3-RET1b-WN2021,Depth of Coverage,genome,23.8180916872
BAM Statistics,WN2020,BGI3-RET7b-WN2020,Depth of Coverage,genome,6.335107768
BAM Statistics,WN2020,BGI2-RET7-WN2020,Depth of Coverage,genome,11.437823539
BAM Statistics,WN2020,BGI1-RET7-WN2020,Depth of Coverage,genome,13.3304968836
BAM Statistics,WN2019,BGI3-RET7b-WN2019,Depth of Coverage,genome,24.7412631948
BAM Statistics,WN2019,BGI2-RET7-WN2019,Depth of Coverage,genome,13.1856000895
BAM Statistics,WN2019,BGI1-RET7-WN2019,Depth of Coverage,genome,14.8937529027
BAM Statistics,WN2018,BGI3-RET5b-WN2018,Depth of Coverage,genome,20.2663504397
BAM Statistics,WN2018,BGI2-RET5-WN2018,Depth of Coverage,genome,10.0117413626
BAM Statistics,WN2018,BGI1-RET5-WN2018,Depth of Coverage,genome,11.7742905741
BAM Statistics,WN2017,BGI3-RET6b-WN2017,Depth of Coverage,genome,34.2397764977
BAM Statistics,WN2017,BGI2-RET6-WN2017,Depth of Coverage,genome,15.9939741082
BAM Statistics,WN2017,BGI1-RET6-WN2017,Depth of Coverage,genome,6.61875571744
BAM Statistics,WN2016,BGI3-RET7b-WN2016,Depth of Coverage,genome,30.785181961
BAM Statistics,WN2016,BGI2-RET7-WN2016,Depth of Coverage,genome,15.2703460362
BAM Statistics,WN2016,BGI1-RET7-WN2016,Depth of Coverage,genome,17.3174893274
BAM Statistics,WN2014,BGI3-RET4b-WN2014,Depth of Coverage,genome,6.15275142838
BAM Statistics,WN2014,BGI2-RET4-WN2014,Depth of Coverage,genome,10.1928218662
BAM Statistics,WN2014,BGI1-RET4-WN2014,Depth of Coverage,genome,11.1537256482
BAM Statistics,WN2013,BGI3-RET7b-WN2013,Depth of Coverage,genome,24.6993032784
BAM Statistics,WN2013,BGI2-RET7-WN2013,Depth of Coverage,genome,13.2751745773
BAM Statistics,WN2013,BGI1-RET7-WN2013,Depth of Coverage,genome,17.1204627335
BAM Statistics,WN2011,BGI3-RET5b-WN2011,Depth of Coverage,genome,25.2681192039
BAM Statistics,WN2011,BGI2-RET5-WN2011,Depth of Coverage,genome,11.8981465792
BAM Statistics,WN2011,BGI1-RET5-WN2011,Depth of Coverage,genome,13.3802934657
BAM Statistics,WN2010,BGI3-RET7b-WN2010,Depth of Coverage,genome,21.1183536639
BAM Statistics,WN2010,BGI2-RET7-WN2010,Depth of Coverage,genome,11.7001000465
BAM Statistics,WN2010,BGI1-RET7-WN2010,Depth of Coverage,genome,13.1087965257
BAM Statistics,WN2002,BGI3-RET5b-WN2002,Depth of Coverage,genome,22.0995175707
BAM Statistics,WN2002,BGI2-RET5-WN2002,Depth of Coverage,genome,12.2512892152
BAM Statistics,WN2002,BGI1-RET5-WN2002,Depth of Coverage,genome,14.0095816281
BAM Statistics,WN2001,BGI3-RET6b-WN2001,Depth of Coverage,genome,20.2132529115
BAM Statistics,WN2001,BGI2-RET6-WN2001,Depth of Coverage,genome,11.2229560018
BAM Statistics,WN2001,BGI1-RET6-WN2001,Depth of Coverage,genome,4.18939114188
BAM Statistics,test2,BGI3-RET2b-test2,Depth of Coverage,genome,0.0221799364402
BAM Statistics,test1,BGI2-RET2-test1,Depth of Coverage,genome,0.0220095843304
BAM Statistics,test1,BGI1-RET2-test1,Depth of Coverage,genome,0.0219490676508
BAM Statistics,RC301,BGI3-RET5a-RC301,Depth of Coverage,genome,15.562955799
BAM Statistics,RC301,BGI2-RET5-RC301,Depth of Coverage,genome,7.74409447598
BAM Statistics,RC301,BGI1-RET5-RC301,Depth of Coverage,genome,8.94791526121
BAM Statistics,QX2268,BGI3-RET3b-QX2268,Depth of Coverage,genome,25.1331735895
BAM Statistics,QX2268,BGI2-RET3-QX2268,Depth of Coverage,genome,15.8131167455
BAM Statistics,QX2268,BGI1-RET3-QX2268,Depth of Coverage,genome,13.536993226
BAM Statistics,QX2267,BGI3-RET4b-QX2267,Depth of Coverage,genome,24.7794102413
BAM Statistics,QX2267,BGI2-RET4-QX2267,Depth of Coverage,genome,15.5862204787
BAM Statistics,QX2267,BGI1-RET4-QX2267,Depth of Coverage,genome,17.4190597587
BAM Statistics,QX2266,BGI3-RET6b-QX2266,Depth of Coverage,genome,22.173566434
BAM Statistics,QX2266,BGI2-RET6-QX2266,Depth of Coverage,genome,13.0149166187
BAM Statistics,QX2266,BGI1-RET6-QX2266,Depth of Coverage,genome,3.73511989926
BAM Statistics,QX2265,BGI3-RET5b-QX2265,Depth of Coverage,genome,27.9396343179
BAM Statistics,QX2265,BGI2-RET5-QX2265,Depth of Coverage,genome,13.2160975943
BAM Statistics,QX2265,BGI1-RET5-QX2265,Depth of Coverage,genome,15.1245633294
BAM Statistics,QX1794,BGI3-RET2b-QX1794,Depth of Coverage,genome,29.6457032096
BAM Statistics,QX1794,BGI2-RET2-QX1794,Depth of Coverage,genome,22.6311274846
BAM Statistics,QX1794,BGI1-RET2-QX1794,Depth of Coverage,genome,9.56698541809
BAM Statistics,QX1793,BGI3-RET2b-QX1793,Depth of Coverage,genome,15.7483488713
BAM Statistics,QX1793,BGI2-RET2-QX1793,Depth of Coverage,genome,12.1376119081
BAM Statistics,QX1793,BGI1-RET2-QX1793,Depth of Coverage,genome,13.2837376126
BAM Statistics,QX1792,Uchicago-L001-QX1792,Depth of Coverage,genome,18.9218703341
BAM Statistics,QX1792,BGI3-RET2b-QX1792,Depth of Coverage,genome,15.6597590036
BAM Statistics,QX1792,BGI2-RET2-QX1792,Depth of Coverage,genome,10.5341977722
BAM Statistics,QX1792,BGI1-RET2-QX1792,Depth of Coverage,genome,10.7443259331
BAM Statistics,QX1791,BGI3-RET2b-QX1791,Depth of Coverage,genome,21.5382779167
BAM Statistics,QX1791,BGI2-RET2-QX1791,Depth of Coverage,genome,3.78263188446
BAM Statistics,QX1791,BGI1-RET2-QX1791,Depth of Coverage,genome,19.1002293122
BAM Statistics,QX1430,Princeton-P-QX1430,Depth of Coverage,genome,50.9627199006
BAM Statistics,QX1430,Princeton-P-QX1430,Depth of Coverage,genome,46.6463865524
BAM Statistics,QX1430,BGI3-RET1a-QX1430,Depth of Coverage,genome,48.6734869865
BAM Statistics,QX1430,BGI2-RET1-QX1430,Depth of Coverage,genome,11.0462569297
BAM Statistics,QX1430,BGI1-RET1-QX1430,Depth of Coverage,genome,12.2040555229
BAM Statistics,QX1233,BGI3-RET4b-QX1233,Depth of Coverage,genome,25.6125822084
BAM Statistics,QX1233,BGI2-RET4-QX1233,Depth of Coverage,genome,15.1245374435
BAM Statistics,QX1233,BGI1-RET4-QX1233,Depth of Coverage,genome,16.4843497076
BAM Statistics,QX1216,BGI3-RET7b-QX1216,Depth of Coverage,genome,24.4892219734
BAM Statistics,QX1216,BGI2-RET7-QX1216,Depth of Coverage,genome,14.2546640895
BAM Statistics,QX1216,BGI1-RET7-QX1216,Depth of Coverage,genome,15.7423470606
BAM Statistics,QX1215,BGI3-RET3b-QX1215,Depth of Coverage,genome,22.1145447028
BAM Statistics,QX1215,BGI2-RET3-QX1215,Depth of Coverage,genome,15.6663827531
BAM Statistics,QX1215,BGI1-RET3-QX1215,Depth of Coverage,genome,13.7422109504
BAM Statistics,QX1214,BGI3-RET6a-QX1214,Depth of Coverage,genome,21.4906940473
BAM Statistics,QX1214,BGI2-RET6-QX1214,Depth of Coverage,genome,8.81042548331
BAM Statistics,QX1214,BGI1-RET6-QX1214,Depth of Coverage,genome,2.44967637237
BAM Statistics,QX1213,BGI3-RET5b-QX1213,Depth of Coverage,genome,24.1034703997
BAM Statistics,QX1213,BGI2-RET5-QX1213,Depth of Coverage,genome,13.3170820837
BAM Statistics,QX1213,BGI1-RET5-QX1213,Depth of Coverage,genome,15.5378374881
BAM Statistics,QX1212,BGI3-RET4a-QX1212,Depth of Coverage,genome,28.5824000405
BAM Statistics,QX1212,BGI2-RET4-QX1212,Depth of Coverage,genome,9.27402900818
BAM Statistics,QX1212,BGI1-RET5-QX1212,Depth of Coverage,genome,15.5378374881
BAM Statistics,QX1212,BGI1-RET4-QX1212,Depth of Coverage,genome,11.3804746568
BAM Statistics,QX1211,Rockman-R106.4-QX1211,Depth of Coverage,genome,76.5678501415
BAM Statistics,QX1211,BGI3-RET3a-QX1211,Depth of Coverage,genome,29.2094268494
BAM Statistics,QX1211,BGI2-RET3-QX1211,Depth of Coverage,genome,18.5260276815
BAM Statistics,QX1211,BGI1-RET3-QX1211,Depth of Coverage,genome,15.5276444111
BAM Statistics,QW947,Uchicago-L002-QW947,Depth of Coverage,genome,12.081653703
BAM Statistics,QG558,BGI3-RET7a-QG558,Depth of Coverage,genome,15.195901207
BAM Statistics,QG558,BGI2-RET7-QG558,Depth of Coverage,genome,8.83818781173
BAM Statistics,QG558,BGI1-RET7-QG558,Depth of Coverage,genome,10.4249797537
BAM Statistics,QG557,BGI3-RET1b-QG557,Depth of Coverage,genome,23.6048491859
BAM Statistics,QG557,BGI2-RET1-QG557,Depth of Coverage,genome,12.525584072
BAM Statistics,QG557,BGI1-RET1-QG557,Depth of Coverage,genome,13.766729499
BAM Statistics,QG556,BGI3-RET7a-QG556,Depth of Coverage,genome,15.195901207
BAM Statistics,QG556,BGI3-RET2a-QG556,Depth of Coverage,genome,24.3179043687
BAM Statistics,QG556,BGI2-RET7-QG556,Depth of Coverage,genome,8.83818781173
BAM Statistics,QG556,BGI2-RET2-QG556,Depth of Coverage,genome,11.8821094298
BAM Statistics,QG556,BGI1-RET7-QG556,Depth of Coverage,genome,10.4249797537
BAM Statistics,QG556,BGI1-RET2-QG556,Depth of Coverage,genome,12.2629595014
BAM Statistics,QG538,BGI3-RET6b-QG538,Depth of Coverage,genome,20.4872356622
BAM Statistics,QG538,BGI2-RET6-QG538,Depth of Coverage,genome,10.6753471789
BAM Statistics,QG538,BGI1-RET6-QG538,Depth of Coverage,genome,3.70180073568
BAM Statistics,QG537,BGI3-RET7b-QG537,Depth of Coverage,genome,25.2471631223
BAM Statistics,QG537,BGI2-RET7-QG537,Depth of Coverage,genome,14.8116983179
BAM Statistics,QG537,BGI1-RET7-QG537,Depth of Coverage,genome,16.120964995
BAM Statistics,QG536,BGI3-RET7b-QG536,Depth of Coverage,genome,25.2471631223
BAM Statistics,QG536,BGI3-RET6b-QG536,Depth of Coverage,genome,20.4872356622
BAM Statistics,QG536,BGI3-RET5b-QG536,Depth of Coverage,genome,22.1929579365
BAM Statistics,QG536,BGI2-RET7-QG536,Depth of Coverage,genome,14.8116983179
BAM Statistics,QG536,BGI2-RET6-QG536,Depth of Coverage,genome,10.6753471789
BAM Statistics,QG536,BGI2-RET5-QG536,Depth of Coverage,genome,9.66576903084
BAM Statistics,QG536,BGI1-RET7-QG536,Depth of Coverage,genome,16.120964995
BAM Statistics,QG536,BGI1-RET6-QG536,Depth of Coverage,genome,3.70180073568
BAM Statistics,QG536,BGI1-RET5-QG536,Depth of Coverage,genome,10.6134687593
BAM Statistics,QG338,Rockman-R083.8-QG338,Depth of Coverage,genome,37.0693313543
BAM Statistics,QG337,Rockman-R096.2-QG337,Depth of Coverage,genome,57.1990340246
BAM Statistics,QG336,Rockman-R083.8-QG336,Depth of Coverage,genome,32.9669582918
BAM Statistics,QG335,Rockman-R083.8-QG335,Depth of Coverage,genome,43.5591795641
BAM Statistics,QG335,Rockman-R076.4-QG335,Depth of Coverage,genome,16.2175503536
BAM Statistics,QG334,Rockman-R096.2-QG334,Depth of Coverage,genome,37.9630408215
BAM Statistics,QG333,Rockman-R076.3-QG333,Depth of Coverage,genome,30.2273061928
BAM Statistics,QG332,Rockman-R096.2-QG332,Depth of Coverage,genome,41.2908242764
BAM Statistics,QG331,Rockman-R096.2-QG331,Depth of Coverage,genome,38.3113316231
BAM Statistics,QG329,Rockman-R076.3-QG329,Depth of Coverage,genome,19.1421241849
BAM Statistics,QG328,Rockman-R083.8-QG328,Depth of Coverage,genome,31.8475448032
BAM Statistics,QG327,Rockman-R096.2-QG327,Depth of Coverage,genome,37.9451963681
BAM Statistics,QG327,Rockman-R077.7-QG327,Depth of Coverage,genome,62.5478394124
BAM Statistics,QG327,Rockman-R076.4-QG327,Depth of Coverage,genome,26.6734566734
BAM Statistics,QG326,Rockman-R096.2-QG326,Depth of Coverage,genome,33.8846364723
BAM Statistics,QG325,Rockman-R076.2-QG325,Depth of Coverage,genome,52.0332800955
BAM Statistics,QG324,Rockman-R083.8-QG324,Depth of Coverage,genome,33.3308621276
BAM Statistics,QG323,Rockman-R096.2-QG323,Depth of Coverage,genome,29.3564078145
BAM Statistics,QG323,Rockman-R076.2-QG323,Depth of Coverage,genome,52.9916317866
BAM Statistics,QG2075,Uchicago-L001-QG2075,Depth of Coverage,genome,16.1131279006
BAM Statistics,PX179,BGI3-RET6a-PX179,Depth of Coverage,genome,21.2911810147
BAM Statistics,PX179,BGI2-RET6-PX179,Depth of Coverage,genome,8.66716114381
BAM Statistics,PX179,BGI1-RET6-PX179,Depth of Coverage,genome,2.78325173919
BAM Statistics,PX174,MMP-D0A7EAC_1-PX174,Depth of Coverage,genome,9.34535850977
BAM Statistics,PX174,MMP-D09NFAC_4-PX174,Depth of Coverage,genome,5.04844360703
BAM Statistics,PX174,MMP-C02D1AC_1-PX174,Depth of Coverage,genome,3.21742803394
BAM Statistics,PX174,MMP-B00TWAB_3-PX174,Depth of Coverage,genome,2.62143465493
BAM Statistics,PX174,MMP-B00B7AB_3-PX174,Depth of Coverage,genome,6.45454106983
BAM Statistics,PX174,MMP-7028LAB_5-PX174,Depth of Coverage,genome,4.13133492546
BAM Statistics,PS2025,BGI3-RET7a-PS2025,Depth of Coverage,genome,20.9115008824
BAM Statistics,PS2025,BGI2-RET7-PS2025,Depth of Coverage,genome,11.9208380406
BAM Statistics,PS2025,BGI1-RET7-PS2025,Depth of Coverage,genome,14.1709098824
BAM Statistics,PB306,BGI3-RET2a-PB306,Depth of Coverage,genome,17.9972348394
BAM Statistics,PB306,BGI2-RET2-PB306,Depth of Coverage,genome,10.6917666833
BAM Statistics,PB306,BGI1-RET2-PB306,Depth of Coverage,genome,11.0622447604
BAM Statistics,PB303,BGI3-RET6b-PB303,Depth of Coverage,genome,23.0197853346
BAM Statistics,PB303,BGI2-RET6-PB303,Depth of Coverage,genome,12.6261745299
BAM Statistics,PB303,BGI1-RET6-PB303,Depth of Coverage,genome,4.2075421871
BAM Statistics,NIC4,BGI3-RET4a-NIC4,Depth of Coverage,genome,10.5694158074
BAM Statistics,NIC4,BGI2-RET4-NIC4,Depth of Coverage,genome,4.17848087898
BAM Statistics,NIC4,BGI1-RET4-NIC4,Depth of Coverage,genome,4.54609312383
BAM Statistics,NIC3,BGI3-RET4a-NIC3,Depth of Coverage,genome,10.5694158074
BAM Statistics,NIC3,BGI3-RET3a-NIC3,Depth of Coverage,genome,14.2995969713
BAM Statistics,NIC3,BGI2-RET4-NIC3,Depth of Coverage,genome,4.17848087898
BAM Statistics,NIC3,BGI2-RET3-NIC3,Depth of Coverage,genome,8.12512110191
BAM Statistics,NIC3,BGI1-RET4-NIC3,Depth of Coverage,genome,4.54609312383
BAM Statistics,NIC3,BGI1-RET3-NIC3,Depth of Coverage,genome,7.2523734898
BAM Statistics,NIC2,BGI3-RET2a-NIC2,Depth of Coverage,genome,21.7062253436
BAM Statistics,NIC2,BGI2-RET2-NIC2,Depth of Coverage,genome,10.1200262835
BAM Statistics,NIC2,BGI1-RET2-NIC2,Depth of Coverage,genome,10.3440409034
BAM Statistics,NIC277,Uchicago-L002-NIC277,Depth of Coverage,genome,14.9964073992
BAM Statistics,NIC276,Uchicago-L002-NIC276,Depth of Coverage,genome,12.7691171508
BAM Statistics,NIC275,Uchicago-L001-NIC275,Depth of Coverage,genome,9.66913427275
BAM Statistics,NIC274,Uchicago-L001-NIC274,Depth of Coverage,genome,17.4537220256
BAM Statistics,NIC273,Uchicago-L001-NIC273,Depth of Coverage,genome,16.7589909025
BAM Statistics,NIC272,Uchicago-L002-NIC272,Depth of Coverage,genome,14.8423765252
BAM Statistics,NIC271,Uchicago-L002-NIC271,Depth of Coverage,genome,13.3251416211
BAM Statistics,NIC270,Uchicago-L002-NIC270,Depth of Coverage,genome,15.7739422217
BAM Statistics,NIC269,Uchicago-L001-NIC269,Depth of Coverage,genome,18.9251001439
BAM Statistics,NIC268,Uchicago-L002-NIC268,Depth of Coverage,genome,16.148287543
BAM Statistics,NIC267,Uchicago-L002-NIC267,Depth of Coverage,genome,14.2013378963
BAM Statistics,NIC266,Uchicago-L002-NIC266,Depth of Coverage,genome,14.0834784768
BAM Statistics,NIC265,Uchicago-L002-NIC265,Depth of Coverage,genome,12.5962132094
BAM Statistics,NIC263,Uchicago-L002-NIC263,Depth of Coverage,genome,10.8334331092
BAM Statistics,NIC262,Uchicago-L001-NIC262,Depth of Coverage,genome,11.6675340059
BAM Statistics,NIC261,Uchicago-L001-NIC261,Depth of Coverage,genome,16.6058651462
BAM Statistics,NIC260,Uchicago-L002-NIC260,Depth of Coverage,genome,15.9251446365
BAM Statistics,NIC259,Uchicago-L001-NIC259,Depth of Coverage,genome,12.6568842071
BAM Statistics,NIC258,Uchicago-L001-NIC258,Depth of Coverage,genome,14.5298176669
BAM Statistics,NIC256,Uchicago-L002-NIC256,Depth of Coverage,genome,12.0355404717
BAM Statistics,NIC255,Uchicago-L002-NIC255,Depth of Coverage,genome,13.3974296974
BAM Statistics,NIC252,Uchicago-L002-NIC252,Depth of Coverage,genome,13.8721593768
BAM Statistics,NIC251,Uchicago-L001-NIC251,Depth of Coverage,genome,18.574985775
BAM Statistics,NIC242,Uchicago-L001-NIC242,Depth of Coverage,genome,14.1004087284
BAM Statistics,NIC237,BGI3-RET5a-NIC237,Depth of Coverage,genome,21.8054574618
BAM Statistics,NIC237,BGI2-RET5-NIC237,Depth of Coverage,genome,11.4419600919
BAM Statistics,NIC237,BGI1-RET5-NIC237,Depth of Coverage,genome,13.3105922008
BAM Statistics,NIC236,BGI3-RET6a-NIC236,Depth of Coverage,genome,6.05999288976
BAM Statistics,NIC236,BGI3-RET5a-NIC236,Depth of Coverage,genome,21.8054574618
BAM Statistics,NIC236,BGI2-RET6-NIC236,Depth of Coverage,genome,7.74950919816
BAM Statistics,NIC236,BGI2-RET5-NIC236,Depth of Coverage,genome,11.4419600919
BAM Statistics,NIC236,BGI1-RET6-NIC236,Depth of Coverage,genome,2.42531736681
BAM Statistics,NIC236,BGI1-RET5-NIC236,Depth of Coverage,genome,13.3105922008
BAM Statistics,NIC232,BGI3-RET1b-NIC232,Depth of Coverage,genome,34.7742532011
BAM Statistics,NIC232,BGI2-RET1-NIC232,Depth of Coverage,genome,18.9018551379
BAM Statistics,NIC232,BGI1-RET1-NIC232,Depth of Coverage,genome,21.5880718763
BAM Statistics,NIC231,BGI3-RET4a-NIC231,Depth of Coverage,genome,23.1079442665
BAM Statistics,NIC231,BGI3-RET1b-NIC231,Depth of Coverage,genome,34.7742532011
BAM Statistics,NIC231,BGI2-RET4-NIC231,Depth of Coverage,genome,9.52876953875
BAM Statistics,NIC231,BGI2-RET1-NIC231,Depth of Coverage,genome,18.9018551379
BAM Statistics,NIC231,BGI1-RET4-NIC231,Depth of Coverage,genome,11.0332788889
BAM Statistics,NIC231,BGI1-RET1-NIC231,Depth of Coverage,genome,21.5880718763
BAM Statistics,NIC207,BGI3-RET3a-NIC207,Depth of Coverage,genome,20.7590124906
BAM Statistics,NIC207,BGI2-RET3-NIC207,Depth of Coverage,genome,12.8182490964
BAM Statistics,NIC207,BGI1-RET3-NIC207,Depth of Coverage,genome,11.7389808215
BAM Statistics,NIC200,BGI3-RET7a-NIC200,Depth of Coverage,genome,20.5839925296
BAM Statistics,NIC200,BGI2-RET7-NIC200,Depth of Coverage,genome,11.6439556047
BAM Statistics,NIC200,BGI1-RET7-NIC200,Depth of Coverage,genome,13.5067051215
BAM Statistics,NIC1,BGI3-RET3a-NIC1,Depth of Coverage,genome,17.3425657483
BAM Statistics,NIC1,BGI2-RET3-NIC1,Depth of Coverage,genome,11.2083470719
BAM Statistics,NIC1,BGI1-RET3-NIC1,Depth of Coverage,genome,4.85013244218
BAM Statistics,NIC199,BGI3-RET7a-NIC199,Depth of Coverage,genome,20.5839925296
BAM Statistics,NIC199,BGI3-RET6a-NIC199,Depth of Coverage,genome,26.2315043791
BAM Statistics,NIC199,BGI2-RET7-NIC199,Depth of Coverage,genome,11.6439556047
BAM Statistics,NIC199,BGI2-RET6-NIC199,Depth of Coverage,genome,10.3861128988
BAM Statistics,NIC199,BGI1-RET7-NIC199,Depth of Coverage,genome,13.5067051215
BAM Statistics,NIC199,BGI1-RET6-NIC199,Depth of Coverage,genome,3.44620024803
BAM Statistics,NIC198,BGI3-RET4a-NIC198,Depth of Coverage,genome,16.0516455766
BAM Statistics,NIC198,BGI2-RET4-NIC198,Depth of Coverage,genome,6.95306047527
BAM Statistics,NIC198,BGI1-RET4-NIC198,Depth of Coverage,genome,7.69269111572
BAM Statistics,NIC197,BGI3-RET3a-NIC197,Depth of Coverage,genome,18.4595494956
BAM Statistics,NIC197,BGI2-RET3-NIC197,Depth of Coverage,genome,11.99655028
BAM Statistics,NIC197,BGI1-RET3-NIC197,Depth of Coverage,genome,10.298620817
BAM Statistics,NIC196,BGI3-RET2b-NIC196,Depth of Coverage,genome,22.8322570475
BAM Statistics,NIC196,BGI2-RET2-NIC196,Depth of Coverage,genome,12.5099149983
BAM Statistics,NIC196,BGI1-RET2-NIC196,Depth of Coverage,genome,12.9952633757
BAM Statistics,NIC195,BGI3-RET5a-NIC195,Depth of Coverage,genome,22.0429459424
BAM Statistics,NIC195,BGI3-RET4a-NIC195,Depth of Coverage,genome,16.0516455766
BAM Statistics,NIC195,BGI3-RET3a-NIC195,Depth of Coverage,genome,18.4595494956
BAM Statistics,NIC195,BGI3-RET2b-NIC195,Depth of Coverage,genome,22.8322570475
BAM Statistics,NIC195,BGI2-RET5-NIC195,Depth of Coverage,genome,11.8559278541
BAM Statistics,NIC195,BGI2-RET4-NIC195,Depth of Coverage,genome,6.95306047527
BAM Statistics,NIC195,BGI2-RET3-NIC195,Depth of Coverage,genome,11.99655028
BAM Statistics,NIC195,BGI2-RET2-NIC195,Depth of Coverage,genome,12.5099149983
BAM Statistics,NIC195,BGI1-RET5-NIC195,Depth of Coverage,genome,13.6632818242
BAM Statistics,NIC195,BGI1-RET4-NIC195,Depth of Coverage,genome,7.69269111572
BAM Statistics,NIC195,BGI1-RET3-NIC195,Depth of Coverage,genome,10.298620817
BAM Statistics,NIC195,BGI1-RET2-NIC195,Depth of Coverage,genome,12.9952633757
BAM Statistics,NIC166,BGI3-RET5a-NIC166,Depth of Coverage,genome,17.8722623718
BAM Statistics,NIC166,BGI2-RET5-NIC166,Depth of Coverage,genome,9.84859524473
BAM Statistics,NIC166,BGI1-RET5-NIC166,Depth of Coverage,genome,11.0771278052
BAM Statistics,N2,Uchicago-L001-N2,Depth of Coverage,genome,16.8430322173
BAM Statistics,N2,Princeton-P-N2,Depth of Coverage,genome,44.6824953864
BAM Statistics,N2_HRH,BGI3-RET6b-N2_HRH,Depth of Coverage,genome,8.00745034215
BAM Statistics,N2_HRH,BGI2-RET6-N2_HRH,Depth of Coverage,genome,9.29190637722
BAM Statistics,N2_HRH,BGI1-RET6-N2_HRH,Depth of Coverage,genome,2.99920096843
BAM Statistics,N2_CGC,Princeton-P-N2_CGC,Depth of Coverage,genome,48.8429081526
BAM Statistics,N2_CGC,Princeton-P-N2_CGC,Depth of Coverage,genome,44.6824953864
BAM Statistics,N2_CGC,BGI3-RET1a-N2_CGC,Depth of Coverage,genome,15.6067671827
BAM Statistics,N2_CGC,BGI2-RET1-N2_CGC,Depth of Coverage,genome,12.0513370801
BAM Statistics,N2_CGC,BGI1-RET1-N2_CGC,Depth of Coverage,genome,12.1723603084
BAM Statistics,N2,BGI3-RET6b-N2,Depth of Coverage,genome,17.834256511
BAM Statistics,N2,BGI3-RET5b-N2,Depth of Coverage,genome,21.2797778235
BAM Statistics,N2,BGI3-RET1a-N2,Depth of Coverage,genome,15.6067671827
BAM Statistics,N2,BGI2-RET6-N2,Depth of Coverage,genome,9.29190637722
BAM Statistics,N2,BGI2-RET5-N2,Depth of Coverage,genome,11.5975161777
BAM Statistics,N2,BGI2-RET1-N2,Depth of Coverage,genome,12.0513370801
BAM Statistics,N2,BGI1-RET6-N2,Depth of Coverage,genome,2.99920096843
BAM Statistics,N2,BGI1-RET5-N2,Depth of Coverage,genome,12.917201396
BAM Statistics,N2,BGI1-RET1-N2,Depth of Coverage,genome,12.1723603084
BAM Statistics,N2Baer,Uchicago-L001-N2Baer,Depth of Coverage,genome,16.8430322173
BAM Statistics,MY6,MMP-D0A7EAC_1-MY6,Depth of Coverage,genome,7.45379669174
BAM Statistics,MY6,MMP-D09NFAC_4-MY6,Depth of Coverage,genome,3.93962583222
BAM Statistics,MY6,MMP-C02D1AC_1-MY6,Depth of Coverage,genome,3.19461658615
BAM Statistics,MY6,MMP-B00TWAB_3-MY6,Depth of Coverage,genome,2.51333698773
BAM Statistics,MY6,MMP-B00B7AB_3-MY6,Depth of Coverage,genome,7.01299148226
BAM Statistics,MY6,MMP-7028LAB_5-MY6,Depth of Coverage,genome,3.93720484595
BAM Statistics,MY2,MMP-D0A7EAC_1-MY2,Depth of Coverage,genome,9.1031567979
BAM Statistics,MY2,MMP-D09NFAC_4-MY2,Depth of Coverage,genome,5.17014852293
BAM Statistics,MY2,MMP-C02D1AC_1-MY2,Depth of Coverage,genome,2.70391587789
BAM Statistics,MY2,MMP-B00TWAB_3-MY2,Depth of Coverage,genome,4.37295946038
BAM Statistics,MY2,MMP-B00B7AB_3-MY2,Depth of Coverage,genome,4.97379884038
BAM Statistics,MY2,MMP-7028LAB_5-MY2,Depth of Coverage,genome,2.95954298928
BAM Statistics,MY23,Princeton-P-MY23,Depth of Coverage,genome,44.6281381461
BAM Statistics,MY23,Princeton-P-MY23,Depth of Coverage,genome,41.3337135112
BAM Statistics,MY23,BGI3-RET1a-MY23,Depth of Coverage,genome,46.581725632
BAM Statistics,MY23,BGI2-RET1-MY23,Depth of Coverage,genome,12.1756375024
BAM Statistics,MY23,BGI1-RET1-MY23,Depth of Coverage,genome,12.5865714535
BAM Statistics,MY1,MMP-D0A7EAC_1-MY1,Depth of Coverage,genome,7.91694388355
BAM Statistics,MY1,MMP-D09NFAC_4-MY1,Depth of Coverage,genome,4.2267463462
BAM Statistics,MY1,MMP-C02D1AC_1-MY1,Depth of Coverage,genome,3.33157700016
BAM Statistics,MY1,MMP-B00TWAB_3-MY1,Depth of Coverage,genome,2.84888408748
BAM Statistics,MY1,MMP-B00B7AB_3-MY1,Depth of Coverage,genome,6.7711792549
BAM Statistics,MY1,MMP-7028LAB_5-MY1,Depth of Coverage,genome,3.92664677437
BAM Statistics,MY1,BGI3-RET2b-MY1,Depth of Coverage,genome,22.0849281649
BAM Statistics,MY1,BGI2-RET2-MY1,Depth of Coverage,genome,13.9635192911
BAM Statistics,MY1,BGI1-RET2-MY1,Depth of Coverage,genome,14.4999820963
BAM Statistics,MY18,Rockman-R096.4-MY18,Depth of Coverage,genome,33.8624498151
BAM Statistics,MY18,MMP-D0A7EAC_1-MY18,Depth of Coverage,genome,7.45379669174
BAM Statistics,MY18,MMP-D09NFAC_4-MY18,Depth of Coverage,genome,3.93962583222
BAM Statistics,MY18,MMP-C02D1AC_1-MY18,Depth of Coverage,genome,3.19461658615
BAM Statistics,MY18,MMP-B00B7AB_3-MY18,Depth of Coverage,genome,7.01299148226
BAM Statistics,MY18,MMP-7028LAB_5-MY18,Depth of Coverage,genome,3.93720484595
BAM Statistics,MY18,BGI3-RET7a-MY18,Depth of Coverage,genome,27.501367997
BAM Statistics,MY18,BGI2-RET7-MY18,Depth of Coverage,genome,15.2926719945
BAM Statistics,MY18,BGI1-RET7-MY18,Depth of Coverage,genome,17.2334232236
BAM Statistics,MY16,MMP-D0A7EAC_1-MY16,Depth of Coverage,genome,7.26443440721
BAM Statistics,MY16,MMP-D09NFAC_4-MY16,Depth of Coverage,genome,3.8421456963
BAM Statistics,MY16,MMP-C02D1AC_1-MY16,Depth of Coverage,genome,3.19702453975
BAM Statistics,MY16,MMP-B00TWAB_3-MY16,Depth of Coverage,genome,2.23715034903
BAM Statistics,MY16,MMP-B00B7AB_3-MY16,Depth of Coverage,genome,7.33197853017
BAM Statistics,MY16,MMP-7028LAB_5-MY16,Depth of Coverage,genome,4.04570712434
BAM Statistics,MY16,BGI3-RET2a-MY16,Depth of Coverage,genome,22.7524407621
BAM Statistics,MY16,BGI2-RET2-MY16,Depth of Coverage,genome,12.8736395875
BAM Statistics,MY16,BGI1-RET2-MY16,Depth of Coverage,genome,13.3647236478
BAM Statistics,MY14,MMP-D0A7EAC_1-MY14,Depth of Coverage,genome,5.91108943076
BAM Statistics,MY14,MMP-D09NFAC_4-MY14,Depth of Coverage,genome,3.17503155787
BAM Statistics,MY14,MMP-C02D1AC_1-MY14,Depth of Coverage,genome,3.46818498353
BAM Statistics,MY14,MMP-B00TWAB_3-MY14,Depth of Coverage,genome,1.9112752386
BAM Statistics,MY14,MMP-B00B7AB_3-MY14,Depth of Coverage,genome,7.19006652756
BAM Statistics,MY14,MMP-7028LAB_5-MY14,Depth of Coverage,genome,4.39512405077
BAM Statistics,MY10,BGI3-RET3b-MY10,Depth of Coverage,genome,20.5175544589
BAM Statistics,MY10,BGI2-RET3-MY10,Depth of Coverage,genome,6.93095682036
BAM Statistics,MY10,BGI1-RET3-MY10,Depth of Coverage,genome,11.270185865
BAM Statistics,LSJ1,BGI3-RET4a-LSJ1,Depth of Coverage,genome,29.4676986663
BAM Statistics,LSJ1,BGI2-RET4-LSJ1,Depth of Coverage,genome,11.3354024341
BAM Statistics,LSJ1,BGI1-RET4-LSJ1,Depth of Coverage,genome,12.2902931376
BAM Statistics,LKC34,MMP-D0A7EAC_1-LKC34,Depth of Coverage,genome,8.38146414288
BAM Statistics,LKC34,MMP-D09NFAC_4-LKC34,Depth of Coverage,genome,4.49792951489
BAM Statistics,LKC34,MMP-C02D1AC_1-LKC34,Depth of Coverage,genome,3.35022171152
BAM Statistics,LKC34,MMP-B00TWAB_3-LKC34,Depth of Coverage,genome,2.7174410018
BAM Statistics,LKC34,MMP-B00B7AB_3-LKC34,Depth of Coverage,genome,6.54758950817
BAM Statistics,LKC34,MMP-7028LAB_5-LKC34,Depth of Coverage,genome,4.11514203207
BAM Statistics,LKC34,BGI3-RET3a-LKC34,Depth of Coverage,genome,9.87674209188
BAM Statistics,LKC34,BGI2-RET3-LKC34,Depth of Coverage,genome,14.5417225313
BAM Statistics,LKC34,BGI1-RET3-LKC34,Depth of Coverage,genome,13.1202915239
BAM Statistics,KR314,MMP-D0A7EAC_1-KR314,Depth of Coverage,genome,8.6873283248
BAM Statistics,KR314,MMP-D09NFAC_4-KR314,Depth of Coverage,genome,4.66202171319
BAM Statistics,KR314,MMP-C02D1AC_1-KR314,Depth of Coverage,genome,3.38693104562
BAM Statistics,KR314,MMP-B00TWAB_3-KR314,Depth of Coverage,genome,2.43911721391
BAM Statistics,KR314,MMP-B00B7AB_3-KR314,Depth of Coverage,genome,6.773081098
BAM Statistics,KR314,MMP-7028LAB_5-KR314,Depth of Coverage,genome,4.29294066501
BAM Statistics,KR314,BGI3-RET5b-KR314,Depth of Coverage,genome,28.8703718862
BAM Statistics,KR314,BGI2-RET5-KR314,Depth of Coverage,genome,14.3049738419
BAM Statistics,KR314,BGI1-RET5-KR314,Depth of Coverage,genome,16.2862762619
BAM Statistics,JU847,BGI3-RET7a-JU847,Depth of Coverage,genome,15.6847651258
BAM Statistics,JU847,BGI2-RET7-JU847,Depth of Coverage,genome,9.72472133086
BAM Statistics,JU847,BGI1-RET7-JU847,Depth of Coverage,genome,10.7094099528
BAM Statistics,JU830,BGI3-RET3a-JU830,Depth of Coverage,genome,28.4747353532
BAM Statistics,JU830,BGI2-RET3-JU830,Depth of Coverage,genome,18.6058106323
BAM Statistics,JU830,BGI1-RET3-JU830,Depth of Coverage,genome,16.1711766384
BAM Statistics,JU792,BGI3-RET6a-JU792,Depth of Coverage,genome,21.2629633802
BAM Statistics,JU792,BGI2-RET6-JU792,Depth of Coverage,genome,8.72009838104
BAM Statistics,JU792,BGI1-RET6-JU792,Depth of Coverage,genome,2.97162295215
BAM Statistics,JU782,Uchicago-L001-JU782,Depth of Coverage,genome,14.1863608307
BAM Statistics,JU782,BGI3-RET2a-JU782,Depth of Coverage,genome,17.3175472814
BAM Statistics,JU782,BGI2-RET2-JU782,Depth of Coverage,genome,9.90716922826
BAM Statistics,JU782,BGI1-RET2-JU782,Depth of Coverage,genome,10.4140115966
BAM Statistics,JU778,BGI3-RET1b-JU778,Depth of Coverage,genome,42.2445360363
BAM Statistics,JU778,BGI2-RET1-JU778,Depth of Coverage,genome,22.1528547624
BAM Statistics,JU778,BGI1-RET1-JU778,Depth of Coverage,genome,23.8500281708
BAM Statistics,JU775,MMP-D0A7EAC_1-JU775,Depth of Coverage,genome,9.75358947222
BAM Statistics,JU775,MMP-D09NFAC_4-JU775,Depth of Coverage,genome,5.27203760159
BAM Statistics,JU775,MMP-C02D1AC_1-JU775,Depth of Coverage,genome,2.78485101883
BAM Statistics,JU775,MMP-B00TWAB_3-JU775,Depth of Coverage,genome,3.83406880859
BAM Statistics,JU775,MMP-B00B7AB_3-JU775,Depth of Coverage,genome,5.27323811331
BAM Statistics,JU775,MMP-7028LAB_5-JU775,Depth of Coverage,genome,3.49206872026
BAM Statistics,JU775,BGI3-RET2a-JU775,Depth of Coverage,genome,20.7279266608
BAM Statistics,JU775,BGI2-RET2-JU775,Depth of Coverage,genome,11.6115178169
BAM Statistics,JU775,BGI1-RET2-JU775,Depth of Coverage,genome,12.06156403
BAM Statistics,JU774,BGI3-RET7a-JU774,Depth of Coverage,genome,24.8646444895
BAM Statistics,JU774,BGI2-RET7-JU774,Depth of Coverage,genome,13.2228346693
BAM Statistics,JU774,BGI1-RET7-JU774,Depth of Coverage,genome,14.8857111743
BAM Statistics,JU751,BGI3-RET5a-JU751,Depth of Coverage,genome,31.4192679923
BAM Statistics,JU751,BGI2-RET5-JU751,Depth of Coverage,genome,14.4676310001
BAM Statistics,JU751,BGI1-RET5-JU751,Depth of Coverage,genome,16.6977810182
BAM Statistics,JU642,MMP-D0A7EAC_1-JU642,Depth of Coverage,genome,7.34081930012
BAM Statistics,JU642,MMP-D09NFAC_4-JU642,Depth of Coverage,genome,3.91510483061
BAM Statistics,JU642,MMP-C02D1AC_1-JU642,Depth of Coverage,genome,3.57273490151
BAM Statistics,JU642,MMP-B00TWAB_3-JU642,Depth of Coverage,genome,1.60949343471
BAM Statistics,JU642,MMP-B00B7AB_3-JU642,Depth of Coverage,genome,7.67869870014
BAM Statistics,JU642,MMP-7028LAB_5-JU642,Depth of Coverage,genome,4.44410154872
BAM Statistics,JU642,BGI3-RET4b-JU642,Depth of Coverage,genome,19.4057576859
BAM Statistics,JU642,BGI2-RET4-JU642,Depth of Coverage,genome,14.2588963981
BAM Statistics,JU642,BGI1-RET4-JU642,Depth of Coverage,genome,15.716744357
BAM Statistics,JU561,BGI3-RET7b-JU561,Depth of Coverage,genome,20.7749823628
BAM Statistics,JU561,BGI2-RET7-JU561,Depth of Coverage,genome,11.6977485512
BAM Statistics,JU561,BGI1-RET7-JU561,Depth of Coverage,genome,12.7274228936
BAM Statistics,JU533,MMP-D0A7EAC_1-JU533,Depth of Coverage,genome,8.02825823812
BAM Statistics,JU533,MMP-D09NFAC_4-JU533,Depth of Coverage,genome,4.28673728156
BAM Statistics,JU533,MMP-C02D1AC_1-JU533,Depth of Coverage,genome,3.09882982041
BAM Statistics,JU533,MMP-B00TWAB_3-JU533,Depth of Coverage,genome,2.64144580281
BAM Statistics,JU533,MMP-B00B7AB_3-JU533,Depth of Coverage,genome,6.68046043451
BAM Statistics,JU533,MMP-7028LAB_5-JU533,Depth of Coverage,genome,3.93686721293
BAM Statistics,JU440,BGI3-RET3b-JU440,Depth of Coverage,genome,22.2931130712
BAM Statistics,JU440,BGI2-RET3-JU440,Depth of Coverage,genome,13.5269620355
BAM Statistics,JU440,BGI1-RET3-JU440,Depth of Coverage,genome,12.0844460557
BAM Statistics,JU406,BGI3-RET6b-JU406,Depth of Coverage,genome,18.0759674385
BAM Statistics,JU406,BGI2-RET6-JU406,Depth of Coverage,genome,9.54232168527
BAM Statistics,JU406,BGI1-RET6-JU406,Depth of Coverage,genome,3.46663874198
BAM Statistics,JU397,MMP-D0A7EAC_1-JU397,Depth of Coverage,genome,7.03169599236
BAM Statistics,JU397,MMP-D09NFAC_4-JU397,Depth of Coverage,genome,3.7485964423
BAM Statistics,JU397,MMP-C02D1AC_1-JU397,Depth of Coverage,genome,3.38003620252
BAM Statistics,JU397,MMP-B00TWAB_3-JU397,Depth of Coverage,genome,1.56948690381
BAM Statistics,JU397,MMP-B00B7AB_3-JU397,Depth of Coverage,genome,7.74801271411
BAM Statistics,JU397,MMP-7028LAB_5-JU397,Depth of Coverage,genome,4.35241655546
BAM Statistics,JU397,BGI3-RET5b-JU397,Depth of Coverage,genome,28.7999354868
BAM Statistics,JU397,BGI2-RET5-JU397,Depth of Coverage,genome,15.7733434666
BAM Statistics,JU397,BGI1-RET5-JU397,Depth of Coverage,genome,17.6436066042
BAM Statistics,JU394,MMP-D0A7EAC_1-JU394,Depth of Coverage,genome,8.70959953982
BAM Statistics,JU394,MMP-D09NFAC_4-JU394,Depth of Coverage,genome,4.66657533158
BAM Statistics,JU394,MMP-C02D1AC_1-JU394,Depth of Coverage,genome,3.66090213966
BAM Statistics,JU394,MMP-B00TWAB_3-JU394,Depth of Coverage,genome,1.92407963668
BAM Statistics,JU394,MMP-B00B7AB_3-JU394,Depth of Coverage,genome,7.49537817196
BAM Statistics,JU394,MMP-7028LAB_5-JU394,Depth of Coverage,genome,4.58134640807
BAM Statistics,JU394,BGI3-RET4b-JU394,Depth of Coverage,genome,12.1671020879
BAM Statistics,JU394,BGI2-RET4-JU394,Depth of Coverage,genome,7.32586359341
BAM Statistics,JU394,BGI1-RET4-JU394,Depth of Coverage,genome,8.03008746919
BAM Statistics,JU393,BGI3-RET6b-JU393,Depth of Coverage,genome,24.8579222521
BAM Statistics,JU393,BGI2-RET6-JU393,Depth of Coverage,genome,13.2250118538
BAM Statistics,JU393,BGI1-RET6-JU393,Depth of Coverage,genome,4.47775033825
BAM Statistics,JU367,MMP-D0A7EAC_1-JU367,Depth of Coverage,genome,8.41483218647
BAM Statistics,JU367,MMP-D09NFAC_4-JU367,Depth of Coverage,genome,4.4749734812
BAM Statistics,JU367,MMP-C02D1AC_1-JU367,Depth of Coverage,genome,3.20299715412
BAM Statistics,JU367,MMP-B00B7AB_3-JU367,Depth of Coverage,genome,6.57426498933
BAM Statistics,JU367,MMP-7028LAB_5-JU367,Depth of Coverage,genome,3.734335077
BAM Statistics,JU367,BGI3-RET7b-JU367,Depth of Coverage,genome,25.2759287074
BAM Statistics,JU367,BGI2-RET7-JU367,Depth of Coverage,genome,15.5997210629
BAM Statistics,JU367,BGI1-RET7-JU367,Depth of Coverage,genome,17.4385254587
BAM Statistics,JU363,Uchicago-L002-JU363,Depth of Coverage,genome,17.773472168
BAM Statistics,JU363,BGI3-RET2b-JU363,Depth of Coverage,genome,11.3675918034
BAM Statistics,JU363,BGI2-RET2-JU363,Depth of Coverage,genome,8.65838385206
BAM Statistics,JU363,BGI1-RET2-JU363,Depth of Coverage,genome,9.33591654167
BAM Statistics,JU361,MMP-D0A7EAC_1-JU361,Depth of Coverage,genome,8.41483218647
BAM Statistics,JU361,MMP-D09NFAC_4-JU361,Depth of Coverage,genome,4.4749734812
BAM Statistics,JU361,MMP-C02D1AC_1-JU361,Depth of Coverage,genome,3.20299715412
BAM Statistics,JU361,MMP-B00TWAB_3-JU361,Depth of Coverage,genome,2.95259870777
BAM Statistics,JU361,MMP-B00B7AB_3-JU361,Depth of Coverage,genome,6.57426498933
BAM Statistics,JU361,MMP-7028LAB_5-JU361,Depth of Coverage,genome,3.734335077
BAM Statistics,JU360,MMP-D0A7EAC_1-JU360,Depth of Coverage,genome,8.7283642176
BAM Statistics,JU360,MMP-D09NFAC_4-JU360,Depth of Coverage,genome,4.78614022653
BAM Statistics,JU360,MMP-C02D1AC_1-JU360,Depth of Coverage,genome,3.08733907003
BAM Statistics,JU360,MMP-B00TWAB_3-JU360,Depth of Coverage,genome,3.20063583696
BAM Statistics,JU360,MMP-B00B7AB_3-JU360,Depth of Coverage,genome,5.87861773004
BAM Statistics,JU360,MMP-7028LAB_5-JU360,Depth of Coverage,genome,3.70492800913
BAM Statistics,JU360,BGI3-RET1b-JU360,Depth of Coverage,genome,26.1629642587
BAM Statistics,JU360,BGI2-RET1-JU360,Depth of Coverage,genome,14.0592828433
BAM Statistics,JU360,BGI1-RET1-JU360,Depth of Coverage,genome,15.8547259962
BAM Statistics,JU346,BGI3-RET2b-JU346,Depth of Coverage,genome,21.2202550174
BAM Statistics,JU346,BGI2-RET2-JU346,Depth of Coverage,genome,13.9059856281
BAM Statistics,JU346,BGI1-RET2-JU346,Depth of Coverage,genome,14.3624562716
BAM Statistics,JU345,MMP-D0A7EAC_1-JU345,Depth of Coverage,genome,8.94563250904
BAM Statistics,JU345,MMP-D09NFAC_4-JU345,Depth of Coverage,genome,4.80729212727
BAM Statistics,JU345,MMP-C02D1AC_1-JU345,Depth of Coverage,genome,3.3135472974
BAM Statistics,JU345,MMP-B00TWAB_3-JU345,Depth of Coverage,genome,2.73758991511
BAM Statistics,JU345,MMP-B00B7AB_3-JU345,Depth of Coverage,genome,6.51971748393
BAM Statistics,JU345,MMP-7028LAB_5-JU345,Depth of Coverage,genome,4.09808518305
BAM Statistics,JU323,MMP-D0A7EAC_1-JU323,Depth of Coverage,genome,7.35611491333
BAM Statistics,JU323,MMP-D09NFAC_4-JU323,Depth of Coverage,genome,3.89032866979
BAM Statistics,JU323,MMP-C02D1AC_1-JU323,Depth of Coverage,genome,3.60345019261
BAM Statistics,JU323,MMP-B00B7AB_3-JU323,Depth of Coverage,genome,7.94147166573
BAM Statistics,JU323,MMP-7028LAB_5-JU323,Depth of Coverage,genome,4.53692106271
BAM Statistics,JU323,BGI3-RET7a-JU323,Depth of Coverage,genome,27.7378789274
BAM Statistics,JU323,BGI2-RET7-JU323,Depth of Coverage,genome,15.2420236319
BAM Statistics,JU323,BGI1-RET7-JU323,Depth of Coverage,genome,17.0633679934
BAM Statistics,JU322,MMP-D0A7EAC_1-JU322,Depth of Coverage,genome,7.35611491333
BAM Statistics,JU322,MMP-D09NFAC_4-JU322,Depth of Coverage,genome,3.89032866979
BAM Statistics,JU322,MMP-C02D1AC_1-JU322,Depth of Coverage,genome,3.60345019261
BAM Statistics,JU322,MMP-B00TWAB_3-JU322,Depth of Coverage,genome,0.97049273909
BAM Statistics,JU322,MMP-B00B7AB_3-JU322,Depth of Coverage,genome,7.94147166573
BAM Statistics,JU322,MMP-7028LAB_5-JU322,Depth of Coverage,genome,4.53692106271
BAM Statistics,JU315,BGI3-RET3b-JU315,Depth of Coverage,genome,30.6082256257
BAM Statistics,JU315,BGI2-RET3-JU315,Depth of Coverage,genome,20.1720251682
BAM Statistics,JU315,BGI1-RET3-JU315,Depth of Coverage,genome,17.9093411977
BAM Statistics,JU312,MMP-D0A7EAC_1-JU312,Depth of Coverage,genome,9.34925182927
BAM Statistics,JU312,MMP-D09NFAC_4-JU312,Depth of Coverage,genome,5.1520673476
BAM Statistics,JU312,MMP-C02D1AC_1-JU312,Depth of Coverage,genome,3.28177461469
BAM Statistics,JU312,MMP-B00TWAB_3-JU312,Depth of Coverage,genome,3.18032743044
BAM Statistics,JU312,MMP-B00B7AB_3-JU312,Depth of Coverage,genome,5.82422089312
BAM Statistics,JU312,MMP-7028LAB_5-JU312,Depth of Coverage,genome,3.90875123737
BAM Statistics,JU311,BGI3-RET5b-JU311,Depth of Coverage,genome,19.9754269176
BAM Statistics,JU311,BGI3-RET3b-JU311,Depth of Coverage,genome,30.6082256257
BAM Statistics,JU311,BGI2-RET5-JU311,Depth of Coverage,genome,11.2896845904
BAM Statistics,JU311,BGI2-RET3-JU311,Depth of Coverage,genome,20.1720251682
BAM Statistics,JU311,BGI1-RET5-JU311,Depth of Coverage,genome,12.7640493151
BAM Statistics,JU311,BGI1-RET3-JU311,Depth of Coverage,genome,17.9093411977
BAM Statistics,JU310,BGI3-RET4b-JU310,Depth of Coverage,genome,20.8091387485
BAM Statistics,JU310,BGI2-RET4-JU310,Depth of Coverage,genome,14.1284523911
BAM Statistics,JU310,BGI1-RET4-JU310,Depth of Coverage,genome,17.0920214895
BAM Statistics,JU300,MMP-D0A7EAC_1-JU300,Depth of Coverage,genome,8.67578346939
BAM Statistics,JU300,MMP-D09NFAC_4-JU300,Depth of Coverage,genome,4.67121151351
BAM Statistics,JU300,MMP-C02D1AC_1-JU300,Depth of Coverage,genome,3.29293726474
BAM Statistics,JU300,MMP-B00TWAB_3-JU300,Depth of Coverage,genome,2.80137557235
BAM Statistics,JU300,MMP-B00B7AB_3-JU300,Depth of Coverage,genome,6.4241796652
BAM Statistics,JU300,MMP-7028LAB_5-JU300,Depth of Coverage,genome,4.16319052072
BAM Statistics,JU263,MMP-D0A7EAC_1-JU263,Depth of Coverage,genome,7.31625682728
BAM Statistics,JU263,MMP-D09NFAC_4-JU263,Depth of Coverage,genome,3.88166263938
BAM Statistics,JU263,MMP-C02D1AC_1-JU263,Depth of Coverage,genome,3.62415477448
BAM Statistics,JU263,MMP-B00TWAB_3-JU263,Depth of Coverage,genome,1.6084314662
BAM Statistics,JU263,MMP-B00B7AB_3-JU263,Depth of Coverage,genome,7.69424327033
BAM Statistics,JU263,MMP-7028LAB_5-JU263,Depth of Coverage,genome,4.62403771973
BAM Statistics,JU258,Princeton-P-JU258,Depth of Coverage,genome,37.5995694072
BAM Statistics,JU258,Princeton-P-JU258,Depth of Coverage,genome,41.1182743511
BAM Statistics,JU258,MMP-D0A7EAC_1-JU258,Depth of Coverage,genome,7.84451824131
BAM Statistics,JU258,MMP-D09NFAC_4-JU258,Depth of Coverage,genome,4.20698422511
BAM Statistics,JU258,MMP-C02D1AC_1-JU258,Depth of Coverage,genome,3.28336446135
BAM Statistics,JU258,MMP-B00TWAB_3-JU258,Depth of Coverage,genome,2.27913356867
BAM Statistics,JU258,MMP-B00B7AB_3-JU258,Depth of Coverage,genome,6.81330878551
BAM Statistics,JU258,MMP-7028LAB_5-JU258,Depth of Coverage,genome,4.209396267
BAM Statistics,JU258,BGI3-RET1a-JU258,Depth of Coverage,genome,42.6917775023
BAM Statistics,JU258,BGI2-RET1-JU258,Depth of Coverage,genome,9.92668814588
BAM Statistics,JU258,BGI1-RET1-JU258,Depth of Coverage,genome,10.8302018237
BAM Statistics,JU2574,Uchicago-L001-JU2574,Depth of Coverage,genome,0.867400615962
BAM Statistics,JU2526,Uchicago-L002-JU2526,Depth of Coverage,genome,13.4681261919
BAM Statistics,JU2522,Uchicago-L002-JU2522,Depth of Coverage,genome,15.8449978078
BAM Statistics,JU2519,Uchicago-L002-JU2519,Depth of Coverage,genome,9.65636611089
BAM Statistics,JU2513,Uchicago-L002-JU2513,Depth of Coverage,genome,16.2273439646
BAM Statistics,JU2468,Uchicago-L002-JU2468,Depth of Coverage,genome,14.6640750923
BAM Statistics,JU2467,Uchicago-L002-JU2467,Depth of Coverage,genome,13.6247964068
BAM Statistics,JU2466,Uchicago-L001-JU2466,Depth of Coverage,genome,16.2084630298
BAM Statistics,JU2464,Uchicago-L001-JU2464,Depth of Coverage,genome,10.6300729747
BAM Statistics,JU2316,Uchicago-L001-JU2316,Depth of Coverage,genome,12.8679644511
BAM Statistics,JU2007,BGI3-RET3b-JU2007,Depth of Coverage,genome,23.4548030595
BAM Statistics,JU2007,BGI2-RET3-JU2007,Depth of Coverage,genome,14.6987228707
BAM Statistics,JU2007,BGI1-RET3-JU2007,Depth of Coverage,genome,12.411310383
BAM Statistics,JU2001,BGI3-RET6b-JU2001,Depth of Coverage,genome,19.358016906
BAM Statistics,JU2001,BGI2-RET6-JU2001,Depth of Coverage,genome,10.2856396452
BAM Statistics,JU2001,BGI1-RET6-JU2001,Depth of Coverage,genome,3.37074681741
BAM Statistics,JU1896,BGI3-RET4a-JU1896,Depth of Coverage,genome,29.85555915
BAM Statistics,JU1896,BGI2-RET4-JU1896,Depth of Coverage,genome,10.7234791086
BAM Statistics,JU1896,BGI1-RET4-JU1896,Depth of Coverage,genome,11.9377517097
BAM Statistics,JU1711,Rockman-R096.4-JU1711,Depth of Coverage,genome,37.2455414369
BAM Statistics,JU1652,MMP-D0A7EAC_1-JU1652,Depth of Coverage,genome,6.73926507743
BAM Statistics,JU1652,MMP-D09NFAC_4-JU1652,Depth of Coverage,genome,3.56481271075
BAM Statistics,JU1652,MMP-C02D1AC_1-JU1652,Depth of Coverage,genome,3.67390132985
BAM Statistics,JU1652,MMP-B00TWAB_3-JU1652,Depth of Coverage,genome,1.26258747684
BAM Statistics,JU1652,MMP-B00B7AB_3-JU1652,Depth of Coverage,genome,8.13912005876
BAM Statistics,JU1652,MMP-7028LAB_5-JU1652,Depth of Coverage,genome,4.60415579177
BAM Statistics,JU1652,BGI3-RET7b-JU1652,Depth of Coverage,genome,16.1354738116
BAM Statistics,JU1652,BGI2-RET7-JU1652,Depth of Coverage,genome,8.80993972453
BAM Statistics,JU1652,BGI1-RET7-JU1652,Depth of Coverage,genome,10.049880422
BAM Statistics,JU1586,BGI3-RET3a-JU1586,Depth of Coverage,genome,25.2493034823
BAM Statistics,JU1586,BGI2-RET3-JU1586,Depth of Coverage,genome,14.7388193041
BAM Statistics,JU1586,BGI1-RET3-JU1586,Depth of Coverage,genome,13.4756846245
BAM Statistics,JU1581,BGI3-RET6b-JU1581,Depth of Coverage,genome,22.8927666773
BAM Statistics,JU1581,BGI3-RET4b-JU1581,Depth of Coverage,genome,16.6235400251
BAM Statistics,JU1581,BGI2-RET6-JU1581,Depth of Coverage,genome,11.9278865736
BAM Statistics,JU1581,BGI2-RET4-JU1581,Depth of Coverage,genome,7.28892370961
BAM Statistics,JU1581,BGI1-RET6-JU1581,Depth of Coverage,genome,4.0903961246
BAM Statistics,JU1581,BGI1-RET4-JU1581,Depth of Coverage,genome,8.24056841964
BAM Statistics,JU1580,BGI3-RET1b-JU1580,Depth of Coverage,genome,36.2832963165
BAM Statistics,JU1580,BGI2-RET1-JU1580,Depth of Coverage,genome,19.7446078856
BAM Statistics,JU1580,BGI1-RET1-JU1580,Depth of Coverage,genome,4.44069420738
BAM Statistics,JU1568,BGI3-RET5a-JU1568,Depth of Coverage,genome,32.2066142647
BAM Statistics,JU1568,BGI2-RET5-JU1568,Depth of Coverage,genome,16.4657772593
BAM Statistics,JU1568,BGI1-RET5-JU1568,Depth of Coverage,genome,18.6238280801
BAM Statistics,JU1530,BGI3-RET7b-JU1530,Depth of Coverage,genome,13.7926852216
BAM Statistics,JU1530,BGI2-RET7-JU1530,Depth of Coverage,genome,8.62695297042
BAM Statistics,JU1530,BGI1-RET7-JU1530,Depth of Coverage,genome,9.71900856229
BAM Statistics,JU1516,BGI3-RET4b-JU1516,Depth of Coverage,genome,3.71577442489
BAM Statistics,JU1516,BGI2-RET4-JU1516,Depth of Coverage,genome,7.28892370961
BAM Statistics,JU1516,BGI1-RET4-JU1516,Depth of Coverage,genome,8.24056841964
BAM Statistics,JU1491,BGI3-RET3a-JU1491,Depth of Coverage,genome,25.7181703031
BAM Statistics,JU1491,BGI2-RET3-JU1491,Depth of Coverage,genome,14.457723964
BAM Statistics,JU1491,BGI1-RET3-JU1491,Depth of Coverage,genome,12.5876573435
BAM Statistics,JU1440,Uchicago-L001-JU1440,Depth of Coverage,genome,19.5660175102
BAM Statistics,JU1440,BGI3-RET6a-JU1440,Depth of Coverage,genome,11.9946534925
BAM Statistics,JU1440,BGI2-RET6-JU1440,Depth of Coverage,genome,5.07510191736
BAM Statistics,JU1440,BGI1-RET6-JU1440,Depth of Coverage,genome,1.68796420364
BAM Statistics,JU1409,MMP-D0A7EAC_1-JU1409,Depth of Coverage,genome,7.52643516442
BAM Statistics,JU1409,MMP-D09NFAC_4-JU1409,Depth of Coverage,genome,4.04289344275
BAM Statistics,JU1409,MMP-C02D1AC_1-JU1409,Depth of Coverage,genome,3.66938735791
BAM Statistics,JU1409,MMP-B00B7AB_3-JU1409,Depth of Coverage,genome,7.06590629372
BAM Statistics,JU1409,MMP-7028LAB_5-JU1409,Depth of Coverage,genome,4.60073545764
BAM Statistics,JU1409,BGI3-RET5a-JU1409,Depth of Coverage,genome,26.2430911944
BAM Statistics,JU1409,BGI2-RET5-JU1409,Depth of Coverage,genome,12.8480659307
BAM Statistics,JU1409,BGI1-RET5-JU1409,Depth of Coverage,genome,15.2864750626
BAM Statistics,JU1401,MMP-D0A7EAC_1-JU1401,Depth of Coverage,genome,7.52643516442
BAM Statistics,JU1401,MMP-D09NFAC_4-JU1401,Depth of Coverage,genome,4.04289344275
BAM Statistics,JU1401,MMP-C02D1AC_1-JU1401,Depth of Coverage,genome,3.66938735791
BAM Statistics,JU1401,MMP-B00TWAB_3-JU1401,Depth of Coverage,genome,1.98113217763
BAM Statistics,JU1401,MMP-B00B7AB_3-JU1401,Depth of Coverage,genome,7.06590629372
BAM Statistics,JU1401,MMP-7028LAB_5-JU1401,Depth of Coverage,genome,4.60073545764
BAM Statistics,JU1400,MMP-D0A7EAC_1-JU1400,Depth of Coverage,genome,8.46814556642
BAM Statistics,JU1400,MMP-D09NFAC_4-JU1400,Depth of Coverage,genome,4.54392849336
BAM Statistics,JU1400,MMP-C02D1AC_1-JU1400,Depth of Coverage,genome,3.39782127589
BAM Statistics,JU1400,MMP-B00TWAB_3-JU1400,Depth of Coverage,genome,2.31073076398
BAM Statistics,JU1400,MMP-B00B7AB_3-JU1400,Depth of Coverage,genome,6.76738212991
BAM Statistics,JU1400,MMP-7028LAB_5-JU1400,Depth of Coverage,genome,4.21773227259
BAM Statistics,JU1400,BGI3-RET4a-JU1400,Depth of Coverage,genome,34.6848589571
BAM Statistics,JU1400,BGI2-RET4-JU1400,Depth of Coverage,genome,14.1146470098
BAM Statistics,JU1400,BGI1-RET4-JU1400,Depth of Coverage,genome,15.8273706422
BAM Statistics,JU1395,BGI3-RET6a-JU1395,Depth of Coverage,genome,14.8224565861
BAM Statistics,JU1395,BGI2-RET6-JU1395,Depth of Coverage,genome,6.2852784397
BAM Statistics,JU1395,BGI1-RET6-JU1395,Depth of Coverage,genome,1.5265004674
BAM Statistics,JU1246,BGI3-RET3b-JU1246,Depth of Coverage,genome,23.9538683316
BAM Statistics,JU1246,BGI2-RET3-JU1246,Depth of Coverage,genome,15.8518504418
BAM Statistics,JU1246,BGI1-RET3-JU1246,Depth of Coverage,genome,15.9996978454
BAM Statistics,JU1242,BGI3-RET4b-JU1242,Depth of Coverage,genome,27.7559923503
BAM Statistics,JU1242,BGI2-RET4-JU1242,Depth of Coverage,genome,15.5294237451
BAM Statistics,JU1242,BGI1-RET4-JU1242,Depth of Coverage,genome,1.97324949372
BAM Statistics,JU1213,BGI3-RET5a-JU1213,Depth of Coverage,genome,17.1661897708
BAM Statistics,JU1213,BGI2-RET5-JU1213,Depth of Coverage,genome,8.77114358706
BAM Statistics,JU1213,BGI1-RET5-JU1213,Depth of Coverage,genome,9.93408593853
BAM Statistics,JU1212,BGI3-RET6a-JU1212,Depth of Coverage,genome,27.1294584796
BAM Statistics,JU1212,BGI2-RET6-JU1212,Depth of Coverage,genome,10.5640012348
BAM Statistics,JU1212,BGI1-RET6-JU1212,Depth of Coverage,genome,4.11463807541
BAM Statistics,JU1200,BGI3-RET2a-JU1200,Depth of Coverage,genome,22.0659508561
BAM Statistics,JU1200,BGI2-RET2-JU1200,Depth of Coverage,genome,12.3158436107
BAM Statistics,JU1200,BGI1-RET2-JU1200,Depth of Coverage,genome,12.6914673905
BAM Statistics,JU1172,BGI3-RET4b-JU1172,Depth of Coverage,genome,22.4507505858
BAM Statistics,JU1172,BGI2-RET4-JU1172,Depth of Coverage,genome,10.6245465923
BAM Statistics,JU1172,BGI1-RET4-JU1172,Depth of Coverage,genome,12.6120980451
BAM Statistics,JU1171,MMP-D0A7EAC_1-JU1171,Depth of Coverage,genome,7.46458281019
BAM Statistics,JU1171,MMP-D09NFAC_4-JU1171,Depth of Coverage,genome,3.97562892899
BAM Statistics,JU1171,MMP-C02D1AC_1-JU1171,Depth of Coverage,genome,3.36304490576
BAM Statistics,JU1171,MMP-B00TWAB_3-JU1171,Depth of Coverage,genome,2.19070194771
BAM Statistics,JU1171,MMP-B00B7AB_3-JU1171,Depth of Coverage,genome,7.13343367462
BAM Statistics,JU1171,MMP-7028LAB_5-JU1171,Depth of Coverage,genome,4.17924493073
BAM Statistics,JU1088,Rockman-R096.4-JU1088,Depth of Coverage,genome,31.48937679
BAM Statistics,JU1088,MMP-D0A7EAC_1-JU1088,Depth of Coverage,genome,9.0749137064
BAM Statistics,JU1088,MMP-D09NFAC_4-JU1088,Depth of Coverage,genome,4.99518705432
BAM Statistics,JU1088,MMP-C02D1AC_1-JU1088,Depth of Coverage,genome,3.37002139502
BAM Statistics,JU1088,MMP-B00TWAB_3-JU1088,Depth of Coverage,genome,2.88036199444
BAM Statistics,JU1088,MMP-B00B7AB_3-JU1088,Depth of Coverage,genome,6.21529768528
BAM Statistics,JU1088,MMP-7028LAB_5-JU1088,Depth of Coverage,genome,3.99241295936
BAM Statistics,JU1088,BGI3-RET3b-JU1088,Depth of Coverage,genome,22.9920874616
BAM Statistics,JU1088,BGI2-RET3-JU1088,Depth of Coverage,genome,15.7735598568
BAM Statistics,JU1088,BGI1-RET3-JU1088,Depth of Coverage,genome,13.6915535637
BAM Statistics,JT11398,Uchicago-L002-JT11398,Depth of Coverage,genome,17.0335870464
BAM Statistics,JT11398,BGI3-RET2a-JT11398,Depth of Coverage,genome,7.48928631909
BAM Statistics,JT11398,BGI2-RET2-JT11398,Depth of Coverage,genome,9.82483143452
BAM Statistics,JT11398,BGI1-RET2-JT11398,Depth of Coverage,genome,9.83804201928
BAM Statistics,HK104,Princeton-P-HK104,Depth of Coverage,genome,1.70692105104
BAM Statistics,HK104,BGI3-RET1a-HK104,Depth of Coverage,genome,1.78623360908
BAM Statistics,HK104,BGI2-RET1-HK104,Depth of Coverage,genome,0.502815800519
BAM Statistics,HK104,BGI1-RET1-HK104,Depth of Coverage,genome,0.604093889061
BAM Statistics,GXW1,MMP-D0A7EAC_1-GXW1,Depth of Coverage,genome,7.3930303671
BAM Statistics,GXW1,MMP-D09NFAC_4-GXW1,Depth of Coverage,genome,3.87983499378
BAM Statistics,GXW1,MMP-C02D1AC_1-GXW1,Depth of Coverage,genome,3.92536302105
BAM Statistics,GXW1,MMP-B00TWAB_3-GXW1,Depth of Coverage,genome,0.555450115315
BAM Statistics,GXW1,MMP-B00B7AB_3-GXW1,Depth of Coverage,genome,8.67745281835
BAM Statistics,GXW1,MMP-7028LAB_5-GXW1,Depth of Coverage,genome,4.99148334179
BAM Statistics,GXW1,BGI3-RET6b-GXW1,Depth of Coverage,genome,23.0873504474
BAM Statistics,GXW1,BGI2-RET6-GXW1,Depth of Coverage,genome,12.6657948668
BAM Statistics,GXW1,BGI1-RET6-GXW1,Depth of Coverage,genome,4.45875612786
BAM Statistics,EG4946,BGI3-RET7a-EG4946,Depth of Coverage,genome,16.9303321295
BAM Statistics,EG4946,BGI2-RET7-EG4946,Depth of Coverage,genome,9.68711665104
BAM Statistics,EG4946,BGI1-RET7-EG4946,Depth of Coverage,genome,10.9753024939
BAM Statistics,EG4725,Uchicago-L001-EG4725,Depth of Coverage,genome,13.1627573314
BAM Statistics,EG4725,BGI3-RET2a-EG4725,Depth of Coverage,genome,8.10181995663
BAM Statistics,EG4725,BGI2-RET2-EG4725,Depth of Coverage,genome,4.85002319507
BAM Statistics,EG4725,BGI1-RET2-EG4725,Depth of Coverage,genome,5.06670669137
BAM Statistics,EG4724,BGI3-RET5a-EG4724,Depth of Coverage,genome,21.4447965183
BAM Statistics,EG4724,BGI2-RET5-EG4724,Depth of Coverage,genome,8.88703076502
BAM Statistics,EG4724,BGI1-RET5-EG4724,Depth of Coverage,genome,10.9459148105
BAM Statistics,EG4349,BGI3-RET6a-EG4349,Depth of Coverage,genome,27.9518087004
BAM Statistics,EG4349,BGI2-RET6-EG4349,Depth of Coverage,genome,10.9528186878
BAM Statistics,EG4349,BGI1-RET6-EG4349,Depth of Coverage,genome,3.08014887283
BAM Statistics,EG4348,Rockman-R096.2-EG4348,Depth of Coverage,genome,29.7588201515
BAM Statistics,EG4347,Rockman-R096.4-EG4347,Depth of Coverage,genome,35.489062201
BAM Statistics,EG4347,BGI3-RET3a-EG4347,Depth of Coverage,genome,21.7619343624
BAM Statistics,EG4347,BGI2-RET3-EG4347,Depth of Coverage,genome,14.029903875
BAM Statistics,EG4347,BGI1-RET3-EG4347,Depth of Coverage,genome,12.9505014743
BAM Statistics,EG3474,BGI2-RET3-EG3474,Depth of Coverage,genome,14.029903875
BAM Statistics,EG3474,BGI1-RET3-EG3474,Depth of Coverage,genome,12.9505014743
BAM Statistics,ED3077,BGI3-RET7a-ED3077,Depth of Coverage,genome,25.1925710247
BAM Statistics,ED3077,BGI2-RET7-ED3077,Depth of Coverage,genome,14.8093300008
BAM Statistics,ED3077,BGI1-RET7-ED3077,Depth of Coverage,genome,16.4751651822
BAM Statistics,ED3073,BGI3-RET4a-ED3073,Depth of Coverage,genome,35.1572105674
BAM Statistics,ED3073,BGI2-RET4-ED3073,Depth of Coverage,genome,12.710219255
BAM Statistics,ED3073,BGI1-RET4-ED3073,Depth of Coverage,genome,14.4454871005
BAM Statistics,ED3072,MMP-D0A7EAC_1-ED3072,Depth of Coverage,genome,6.31791109943
BAM Statistics,ED3072,MMP-D09NFAC_4-ED3072,Depth of Coverage,genome,3.41079128964
BAM Statistics,ED3072,MMP-C02D1AC_1-ED3072,Depth of Coverage,genome,4.54324587837
BAM Statistics,ED3072,MMP-B00B7AB_3-ED3072,Depth of Coverage,genome,9.03549876119
BAM Statistics,ED3072,MMP-7028LAB_5-ED3072,Depth of Coverage,genome,5.70286597482
BAM Statistics,ED3057,MMP-D0A7EAC_1-ED3057,Depth of Coverage,genome,9.66947469777
BAM Statistics,ED3057,MMP-D09NFAC_4-ED3057,Depth of Coverage,genome,5.41291656283
BAM Statistics,ED3057,MMP-C02D1AC_1-ED3057,Depth of Coverage,genome,2.88707601542
BAM Statistics,ED3057,MMP-B00TWAB_3-ED3057,Depth of Coverage,genome,3.9550629003
BAM Statistics,ED3057,MMP-B00B7AB_3-ED3057,Depth of Coverage,genome,5.3753243872
BAM Statistics,ED3057,MMP-7028LAB_5-ED3057,Depth of Coverage,genome,3.10248620847
BAM Statistics,ED3052,MMP-D0A7EAC_1-ED3052,Depth of Coverage,genome,7.93069941756
BAM Statistics,ED3052,MMP-D09NFAC_4-ED3052,Depth of Coverage,genome,4.2252685586
BAM Statistics,ED3052,MMP-C02D1AC_1-ED3052,Depth of Coverage,genome,3.28562005132
BAM Statistics,ED3052,MMP-B00TWAB_3-ED3052,Depth of Coverage,genome,2.88145792569
BAM Statistics,ED3052,MMP-B00B7AB_3-ED3052,Depth of Coverage,genome,6.41998852865
BAM Statistics,ED3052,MMP-7028LAB_5-ED3052,Depth of Coverage,genome,3.97680973714
BAM Statistics,ED3052,BGI3-RET5b-ED3052,Depth of Coverage,genome,30.2775534541
BAM Statistics,ED3052,BGI2-RET5-ED3052,Depth of Coverage,genome,12.7367158385
BAM Statistics,ED3052,BGI1-RET5-ED3052,Depth of Coverage,genome,14.637236598
BAM Statistics,ED3049,MMP-D0A7EAC_1-ED3049,Depth of Coverage,genome,7.58114409749
BAM Statistics,ED3049,MMP-D09NFAC_4-ED3049,Depth of Coverage,genome,4.06396201216
BAM Statistics,ED3049,MMP-C02D1AC_1-ED3049,Depth of Coverage,genome,3.4674690739
BAM Statistics,ED3049,MMP-B00TWAB_3-ED3049,Depth of Coverage,genome,2.37909739128
BAM Statistics,ED3049,MMP-B00B7AB_3-ED3049,Depth of Coverage,genome,7.08646351762
BAM Statistics,ED3049,MMP-7028LAB_5-ED3049,Depth of Coverage,genome,4.107640337
BAM Statistics,ED3049,BGI3-RET1b-ED3049,Depth of Coverage,genome,21.9893698349
BAM Statistics,ED3049,BGI2-RET1-ED3049,Depth of Coverage,genome,12.6610663195
BAM Statistics,ED3049,BGI1-RET1-ED3049,Depth of Coverage,genome,13.5096674972
BAM Statistics,ED3048,BGI3-RET4a-ED3048,Depth of Coverage,genome,31.7513821341
BAM Statistics,ED3048,BGI2-RET4-ED3048,Depth of Coverage,genome,11.865330415
BAM Statistics,ED3048,BGI1-RET4-ED3048,Depth of Coverage,genome,13.2448855553
BAM Statistics,ED3046,BGI3-RET2b-ED3046,Depth of Coverage,genome,24.0364568771
BAM Statistics,ED3046,BGI2-RET2-ED3046,Depth of Coverage,genome,15.7218861608
BAM Statistics,ED3046,BGI1-RET2-ED3046,Depth of Coverage,genome,16.6240141472
BAM Statistics,ED3042,MMP-D0A7EAC_1-ED3042,Depth of Coverage,genome,8.33789064781
BAM Statistics,ED3042,MMP-D09NFAC_4-ED3042,Depth of Coverage,genome,4.5895601638
BAM Statistics,ED3042,MMP-C02D1AC_1-ED3042,Depth of Coverage,genome,3.38902750135
BAM Statistics,ED3042,MMP-B00TWAB_3-ED3042,Depth of Coverage,genome,2.862763397
BAM Statistics,ED3042,MMP-B00B7AB_3-ED3042,Depth of Coverage,genome,6.2469232294
BAM Statistics,ED3042,MMP-7028LAB_5-ED3042,Depth of Coverage,genome,3.79721094987
BAM Statistics,ED3040,MMP-D0A7EAC_1-ED3040,Depth of Coverage,genome,7.34679634181
BAM Statistics,ED3040,MMP-D09NFAC_4-ED3040,Depth of Coverage,genome,3.91968787473
BAM Statistics,ED3040,MMP-C02D1AC_1-ED3040,Depth of Coverage,genome,3.71240186394
BAM Statistics,ED3040,MMP-B00TWAB_3-ED3040,Depth of Coverage,genome,1.238668162
BAM Statistics,ED3040,MMP-B00B7AB_3-ED3040,Depth of Coverage,genome,8.00575313297
BAM Statistics,ED3040,MMP-7028LAB_5-ED3040,Depth of Coverage,genome,4.69192352411
BAM Statistics,ED3040,BGI3-RET7a-ED3040,Depth of Coverage,genome,24.7582133394
BAM Statistics,ED3040,BGI2-RET7-ED3040,Depth of Coverage,genome,15.0421247244
BAM Statistics,ED3040,BGI1-RET7-ED3040,Depth of Coverage,genome,16.7766731404
BAM Statistics,ED3021,MMP-D0A7EAC_1-ED3021,Depth of Coverage,genome,8.09914622422
BAM Statistics,ED3021,MMP-D09NFAC_4-ED3021,Depth of Coverage,genome,4.58303171135
BAM Statistics,ED3021,MMP-C02D1AC_1-ED3021,Depth of Coverage,genome,3.66598230003
BAM Statistics,ED3021,MMP-B00TWAB_3-ED3021,Depth of Coverage,genome,2.74457233738
BAM Statistics,ED3021,MMP-B00B7AB_3-ED3021,Depth of Coverage,genome,6.57186951998
BAM Statistics,ED3021,MMP-7028LAB_5-ED3021,Depth of Coverage,genome,3.74400154214
BAM Statistics,ED3017,Uchicago-L001-ED3017,Depth of Coverage,genome,17.3344101959
BAM Statistics,ED3017_MMP,Uchicago-L001-ED3017_MMP,Depth of Coverage,genome,17.3344101959
BAM Statistics,ED3017_MMP,MMP-D0A7EAC_1-ED3017_MMP,Depth of Coverage,genome,8.7262463831
BAM Statistics,ED3017_MMP,MMP-D09NFAC_4-ED3017_MMP,Depth of Coverage,genome,4.82753424365
BAM Statistics,ED3017_MMP,MMP-C02D1AC_1-ED3017_MMP,Depth of Coverage,genome,3.56939131757
BAM Statistics,ED3017_MMP,MMP-7028LAB_5-ED3017_MMP,Depth of Coverage,genome,4.15794129455
BAM Statistics,ED3017,MMP-D0A7EAC_1-ED3017,Depth of Coverage,genome,8.7262463831
BAM Statistics,ED3017,MMP-D09NFAC_4-ED3017,Depth of Coverage,genome,4.82753424365
BAM Statistics,ED3017,MMP-C02D1AC_1-ED3017,Depth of Coverage,genome,3.56939131757
BAM Statistics,ED3017,MMP-B00TWAB_3-ED3017,Depth of Coverage,genome,2.63281932911
BAM Statistics,ED3017,MMP-B00B7AB_3-ED3017,Depth of Coverage,genome,6.30001076617
BAM Statistics,ED3017,MMP-7028LAB_5-ED3017,Depth of Coverage,genome,4.15794129455
BAM Statistics,ED3017_BGI,BGI3-RET2a-ED3017_BGI,Depth of Coverage,genome,16.8915001546
BAM Statistics,ED3017_BGI,BGI2-RET2-ED3017_BGI,Depth of Coverage,genome,9.56393542331
BAM Statistics,ED3017_BGI,BGI1-RET2-ED3017_BGI,Depth of Coverage,genome,10.353852453
BAM Statistics,ED3017,BGI3-RET2a-ED3017,Depth of Coverage,genome,16.8915001546
BAM Statistics,ED3017,BGI2-RET2-ED3017,Depth of Coverage,genome,9.56393542331
BAM Statistics,ED3017,BGI1-RET2-ED3017,Depth of Coverage,genome,10.353852453
BAM Statistics,ED3012,BGI3-RET6a-ED3012,Depth of Coverage,genome,20.6457507634
BAM Statistics,ED3012,BGI2-RET6-ED3012,Depth of Coverage,genome,8.66024777377
BAM Statistics,ED3012,BGI1-RET6-ED3012,Depth of Coverage,genome,2.49301711406
BAM Statistics,ED3011,BGI3-RET3a-ED3011,Depth of Coverage,genome,22.8935304299
BAM Statistics,ED3011,BGI2-RET3-ED3011,Depth of Coverage,genome,14.6852172111
BAM Statistics,ED3011,BGI1-RET3-ED3011,Depth of Coverage,genome,12.9641734277
BAM Statistics,ED3005,MMP-7028LAB_5-ED3005,Depth of Coverage,genome,3.74400154214
BAM Statistics,ED3005,BGI3-RET5a-ED3005,Depth of Coverage,genome,33.0434659331
BAM Statistics,ED3005,BGI2-RET5-ED3005,Depth of Coverage,genome,16.1794568338
BAM Statistics,ED3005,BGI1-RET5-ED3005,Depth of Coverage,genome,18.2299819195
BAM Statistics,ECA36,Uchicago-L001-ECA36,Depth of Coverage,genome,16.2149306664
BAM Statistics,DL238,Princeton-P-DL238,Depth of Coverage,genome,41.1146181724
BAM Statistics,DL238,Princeton-P-DL238,Depth of Coverage,genome,45.004551295
BAM Statistics,DL238,BGI3-RET1a-DL238,Depth of Coverage,genome,32.0081694626
BAM Statistics,DL238,BGI2-RET1-DL238,Depth of Coverage,genome,11.194582773
BAM Statistics,DL238,BGI1-RET1-DL238,Depth of Coverage,genome,11.2066158302
BAM Statistics,DL226,BGI3-RET2b-DL226,Depth of Coverage,genome,29.2489242784
BAM Statistics,DL226,BGI2-RET2-DL226,Depth of Coverage,genome,24.743264164
BAM Statistics,DL226,BGI1-RET2-DL226,Depth of Coverage,genome,26.7101372698
BAM Statistics,DL200,BGI3-RET4a-DL200,Depth of Coverage,genome,23.4307801115
BAM Statistics,DL200,BGI2-RET4-DL200,Depth of Coverage,genome,6.86680486221
BAM Statistics,DL200,BGI1-RET4-DL200,Depth of Coverage,genome,7.42695361059
BAM Statistics,CX11315,BGI3-RET1b-CX11315,Depth of Coverage,genome,22.7865837363
BAM Statistics,CX11315,BGI2-RET1-CX11315,Depth of Coverage,genome,12.8720656752
BAM Statistics,CX11315,BGI1-RET1-CX11315,Depth of Coverage,genome,14.895741288
BAM Statistics,CX11314,BGI3-RET3b-CX11314,Depth of Coverage,genome,27.0740286013
BAM Statistics,CX11314,BGI2-RET3-CX11314,Depth of Coverage,genome,17.5814560042
BAM Statistics,CX11314,BGI1-RET3-CX11314,Depth of Coverage,genome,15.7196195923
BAM Statistics,CX11307,BGI3-RET5a-CX11307,Depth of Coverage,genome,34.5115317579
BAM Statistics,CX11307,BGI2-RET5-CX11307,Depth of Coverage,genome,17.6993877565
BAM Statistics,CX11307,BGI1-RET5-CX11307,Depth of Coverage,genome,20.2182386922
BAM Statistics,CX11292,BGI3-RET4b-CX11292,Depth of Coverage,genome,20.4054534373
BAM Statistics,CX11292,BGI2-RET4-CX11292,Depth of Coverage,genome,12.0944503433
BAM Statistics,CX11292,BGI1-RET4-CX11292,Depth of Coverage,genome,12.9762152697
BAM Statistics,CX11285,BGI3-RET2a-CX11285,Depth of Coverage,genome,57.5175944543
BAM Statistics,CX11285,BGI2-RET2-CX11285,Depth of Coverage,genome,15.9827304502
BAM Statistics,CX11285,BGI1-RET2-CX11285,Depth of Coverage,genome,17.100744766
BAM Statistics,CX11276,BGI3-RET2b-CX11276,Depth of Coverage,genome,21.9359168847
BAM Statistics,CX11276,BGI2-RET2-CX11276,Depth of Coverage,genome,13.7330392383
BAM Statistics,CX11276,BGI1-RET2-CX11276,Depth of Coverage,genome,14.5937386765
BAM Statistics,CX11271,BGI3-RET7a-CX11271,Depth of Coverage,genome,18.9261348804
BAM Statistics,CX11271,BGI2-RET7-CX11271,Depth of Coverage,genome,11.4381624384
BAM Statistics,CX11271,BGI1-RET7-CX11271,Depth of Coverage,genome,12.9583111473
BAM Statistics,CX11264,BGI3-RET5a-CX11264,Depth of Coverage,genome,29.4390163528
BAM Statistics,CX11264,BGI2-RET5-CX11264,Depth of Coverage,genome,13.6095875252
BAM Statistics,CX11264,BGI1-RET5-CX11264,Depth of Coverage,genome,16.3623615928
BAM Statistics,CX11262,BGI3-RET6a-CX11262,Depth of Coverage,genome,29.9244090732
BAM Statistics,CX11262,BGI2-RET6-CX11262,Depth of Coverage,genome,11.6351997117
BAM Statistics,CX11262,BGI1-RET6-CX11262,Depth of Coverage,genome,3.68425673188
BAM Statistics,CX11254,BGI3-RET3b-CX11254,Depth of Coverage,genome,22.486044753
BAM Statistics,CX11254,BGI2-RET3-CX11254,Depth of Coverage,genome,16.3976290564
BAM Statistics,CX11254,BGI1-RET3-CX11254,Depth of Coverage,genome,13.983364923
BAM Statistics,CB4932,BGI3-RET7b-CB4932,Depth of Coverage,genome,22.3049044606
BAM Statistics,CB4932,BGI2-RET7-CB4932,Depth of Coverage,genome,13.8681417733
BAM Statistics,CB4932,BGI1-RET7-CB4932,Depth of Coverage,genome,15.3951322473
BAM Statistics,CB4858_UK,BGI3-RET3b-CB4858_UK,Depth of Coverage,genome,25.1153964235
BAM Statistics,CB4858_UK,BGI1-RET3-CB4858_UK,Depth of Coverage,genome,14.6803591446
BAM Statistics,CB4858_CGC,BGI3-RET4b-CB4858_CGC,Depth of Coverage,genome,17.4756855419
BAM Statistics,CB4858_CGC,BGI2-RET4-CB4858_CGC,Depth of Coverage,genome,11.5266177714
BAM Statistics,CB4858_CGC,BGI1-RET4-CB4858_CGC,Depth of Coverage,genome,12.9349662573
BAM Statistics,CB4857_UK,BGI3-RET6b-CB4857_UK,Depth of Coverage,genome,23.900258371
BAM Statistics,CB4857_UK,BGI2-RET6-CB4857_UK,Depth of Coverage,genome,11.0291779241
BAM Statistics,CB4857_UK,BGI1-RET6-CB4857_UK,Depth of Coverage,genome,4.17594072401
BAM Statistics,CB4857,Uchicago-L001-CB4857,Depth of Coverage,genome,17.1642982083
BAM Statistics,CB4857_CGC,Uchicago-L001-CB4857_CGC,Depth of Coverage,genome,17.1642982083
BAM Statistics,CB4857_CGC,BGI3-RET1b-CB4857_CGC,Depth of Coverage,genome,25.0415697339
BAM Statistics,CB4857,BGI3-RET6b-CB4857,Depth of Coverage,genome,23.900258371
BAM Statistics,CB4857,BGI3-RET1b-CB4857,Depth of Coverage,genome,25.0415697339
BAM Statistics,CB4857,BGI2-RET6-CB4857,Depth of Coverage,genome,11.0291779241
BAM Statistics,CB4857,BGI1-RET6-CB4857,Depth of Coverage,genome,4.17594072401
BAM Statistics,CB4856,Uchicago-L001-CB4856,Depth of Coverage,genome,14.3091967773
BAM Statistics,CB4856,Rockman-R106.3-CB4856,Depth of Coverage,genome,66.8921751814
BAM Statistics,CB4856,Princeton-P-CB4856,Depth of Coverage,genome,31.8928216
BAM Statistics,CB4856,MMP-62GECAA_1-CB4856,Depth of Coverage,genome,30.8030867715
BAM Statistics,CB4856_CGC,Princeton-P-CB4856_CGC,Depth of Coverage,genome,35.6998869667
BAM Statistics,CB4856_CGC,Princeton-P-CB4856_CGC,Depth of Coverage,genome,32.0603569571
BAM Statistics,CB4856_CGC,BGI3-RET1a-CB4856_CGC,Depth of Coverage,genome,36.89363865
BAM Statistics,CB4856_CGC,BGI2-RET1-CB4856_CGC,Depth of Coverage,genome,9.64223158233
BAM Statistics,CB4856_CGC,BGI1-RET1-CB4856_CGC,Depth of Coverage,genome,11.5684897198
BAM Statistics,CB4856_CGC_3,Uchicago-L001-CB4856_CGC_3,Depth of Coverage,genome,14.3091967773
BAM Statistics,CB4856,BGI3-RET1a-CB4856,Depth of Coverage,genome,35.6897260078
BAM Statistics,CB4856,BGI2-RET1-CB4856,Depth of Coverage,genome,9.64223158233
BAM Statistics,CB4856,BGI1-RET1-CB4856,Depth of Coverage,genome,11.5684897198
BAM Statistics,CB4855_UK,BGI3-RET4b-CB4855_UK,Depth of Coverage,genome,15.5928091886
BAM Statistics,CB4855_UK,BGI2-RET4-CB4855_UK,Depth of Coverage,genome,10.1796023471
BAM Statistics,CB4855_UK,BGI1-RET4-CB4855_UK,Depth of Coverage,genome,11.4443551225
BAM Statistics,CB4855_CGC,BGI3-RET5b-CB4855_CGC,Depth of Coverage,genome,21.4066604305
BAM Statistics,CB4855_CGC,BGI2-RET5-CB4855_CGC,Depth of Coverage,genome,9.92992787726
BAM Statistics,CB4855_CGC,BGI1-RET5-CB4855_CGC,Depth of Coverage,genome,11.1902178641
BAM Statistics,CB4854,MMP-D0A7EAC_1-CB4854,Depth of Coverage,genome,9.9020650766
BAM Statistics,CB4854,MMP-D09NFAC_4-CB4854,Depth of Coverage,genome,5.32119822507
BAM Statistics,CB4854,MMP-C02D1AC_1-CB4854,Depth of Coverage,genome,2.34108520855
BAM Statistics,CB4854,MMP-B00TWAB_3-CB4854,Depth of Coverage,genome,4.71763119708
BAM Statistics,CB4854,MMP-B00B7AB_3-CB4854,Depth of Coverage,genome,4.6054270409
BAM Statistics,CB4854,MMP-7028LAB_5-CB4854,Depth of Coverage,genome,3.03950339189
BAM Statistics,CB4854,BGI3-RET7a-CB4854,Depth of Coverage,genome,19.50118191
BAM Statistics,CB4854,BGI2-RET7-CB4854,Depth of Coverage,genome,10.4367992925
BAM Statistics,CB4854,BGI1-RET7-CB4854,Depth of Coverage,genome,13.4563225277
BAM Statistics,CB4853_UK,BGI3-RET3a-CB4853_UK,Depth of Coverage,genome,23.7029794997
BAM Statistics,CB4853_UK,BGI2-RET3-CB4853_UK,Depth of Coverage,genome,12.3103104179
BAM Statistics,CB4853_UK,BGI1-RET3-CB4853_UK,Depth of Coverage,genome,10.3440012669
BAM Statistics,CB4853,MMP-D0A7EAC_1-CB4853,Depth of Coverage,genome,8.00485972171
BAM Statistics,CB4853,MMP-D09NFAC_4-CB4853,Depth of Coverage,genome,4.43020619516
BAM Statistics,CB4853,MMP-C02D1AC_1-CB4853,Depth of Coverage,genome,3.41514088236
BAM Statistics,CB4853,MMP-B00TWAB_3-CB4853,Depth of Coverage,genome,2.61999430012
BAM Statistics,CB4853,MMP-B00B7AB_3-CB4853,Depth of Coverage,genome,6.6746124831
BAM Statistics,CB4853,MMP-7028LAB_5-CB4853,Depth of Coverage,genome,3.77577769492
BAM Statistics,CB4853_CGC,BGI3-RET6a-CB4853_CGC,Depth of Coverage,genome,30.4909993529
BAM Statistics,CB4853_CGC,BGI2-RET6-CB4853_CGC,Depth of Coverage,genome,12.0788643617
BAM Statistics,CB4853_CGC,BGI1-RET6-CB4853_CGC,Depth of Coverage,genome,3.69258267629
BAM Statistics,CB4853,BGI3-RET6a-CB4853,Depth of Coverage,genome,30.4909993529
BAM Statistics,CB4853,BGI3-RET3a-CB4853,Depth of Coverage,genome,23.7029794997
BAM Statistics,CB4853,BGI2-RET6-CB4853,Depth of Coverage,genome,12.0788643617
BAM Statistics,CB4853,BGI1-RET3-CB4853,Depth of Coverage,genome,10.3440012669
BAM Statistics,CB4852,BGI3-RET1b-CB4852,Depth of Coverage,genome,34.0456199341
BAM Statistics,CB4852,BGI2-RET4-CB4852,Depth of Coverage,genome,44.45783358
BAM Statistics,CB4852,BGI2-RET1-CB4852,Depth of Coverage,genome,19.8933031808
BAM Statistics,CB4852,BGI1-RET4-CB4852,Depth of Coverage,genome,48.0329931972
BAM Statistics,CB4852,BGI1-RET1-CB4852,Depth of Coverage,genome,20.2698283389
BAM Statistics,CB4851_UK,BGI3-RET5b-CB4851_UK,Depth of Coverage,genome,21.2797778235
BAM Statistics,CB4851_UK,BGI2-RET5-CB4851_UK,Depth of Coverage,genome,11.5975161777
BAM Statistics,CB4851_UK,BGI1-RET5-CB4851_UK,Depth of Coverage,genome,12.917201396
BAM Statistics,CB4851_CGC,BGI3-RET3b-CB4851_CGC,Depth of Coverage,genome,28.496863488
BAM Statistics,CB4851_CGC,BGI2-RET3-CB4851_CGC,Depth of Coverage,genome,19.3826933424
BAM Statistics,CB4851_CGC,BGI1-RET3-CB4851_CGC,Depth of Coverage,genome,17.7051642625
BAM Statistics,BRC20067,Uchicago-L002-BRC20067,Depth of Coverage,genome,14.6521655613
BAM Statistics,AF16,Princeton-P-AF16,Depth of Coverage,genome,6.00517145889
BAM Statistics,AF16,Princeton-P-AF16,Depth of Coverage,genome,2.32328316379
BAM Statistics,AF16,BGI3-RET1a-AF16,Depth of Coverage,genome,32.2576776586
BAM Statistics,AF16,BGI2-RET1-AF16,Depth of Coverage,genome,0.614594076419
BAM Statistics,AF16,BGI1-RET1-AF16,Depth of Coverage,genome,0.6332545626
BAM Statistics,AB4,MMP-D0A7EAC_1-AB4,Depth of Coverage,genome,6.54019071838
BAM Statistics,AB4,MMP-D09NFAC_4-AB4,Depth of Coverage,genome,3.48667545663
BAM Statistics,AB4,MMP-C02D1AC_1-AB4,Depth of Coverage,genome,3.82199688271
BAM Statistics,AB4,MMP-B00B7AB_3-AB4,Depth of Coverage,genome,7.88232946958
BAM Statistics,AB4,MMP-7028LAB_5-AB4,Depth of Coverage,genome,4.79885418363
BAM Statistics,AB4,BGI3-RET5b-AB4,Depth of Coverage,genome,21.4066604305
BAM Statistics,AB4,BGI3-RET4b-AB4,Depth of Coverage,genome,17.4756855419
BAM Statistics,AB4,BGI3-RET2a-AB4,Depth of Coverage,genome,26.0803596492
BAM Statistics,AB4,BGI2-RET5-AB4,Depth of Coverage,genome,9.92992787726
BAM Statistics,AB4,BGI2-RET4-AB4,Depth of Coverage,genome,11.5266177714
BAM Statistics,AB4,BGI2-RET2-AB4,Depth of Coverage,genome,16.004991963
BAM Statistics,AB4,BGI1-RET5-AB4,Depth of Coverage,genome,11.1902178641
BAM Statistics,AB4,BGI1-RET4-AB4,Depth of Coverage,genome,12.9349662573
BAM Statistics,AB4,BGI1-RET2-AB4,Depth of Coverage,genome,16.7426967192
BAM Statistics,AB3,MMP-D0A7EAC_1-AB3,Depth of Coverage,genome,6.54019071838
BAM Statistics,AB3,MMP-D09NFAC_4-AB3,Depth of Coverage,genome,3.48667545663
BAM Statistics,AB3,MMP-C02D1AC_1-AB3,Depth of Coverage,genome,3.82199688271
BAM Statistics,AB3,MMP-B00TWAB_3-AB3,Depth of Coverage,genome,1.14547020189
BAM Statistics,AB3,MMP-B00B7AB_3-AB3,Depth of Coverage,genome,7.88232946958
BAM Statistics,AB3,MMP-7028LAB_5-AB3,Depth of Coverage,genome,4.79885418363
BAM Statistics,AB2,Rockman-R999.1-AB2,Depth of Coverage,genome,55.7001460248
BAM Statistics,AB1,MMP-D0A7EAC_1-AB1,Depth of Coverage,genome,7.84162670271
BAM Statistics,AB1,MMP-D09NFAC_4-AB1,Depth of Coverage,genome,4.34307060236
BAM Statistics,AB1,MMP-C02D1AC_1-AB1,Depth of Coverage,genome,3.62151693927
BAM Statistics,AB1,MMP-B00TWAB_3-AB1,Depth of Coverage,genome,2.52055001954
BAM Statistics,AB1,MMP-B00B7AB_3-AB1,Depth of Coverage,genome,6.61563952225
BAM Statistics,AB1,MMP-7028LAB_5-AB1,Depth of Coverage,genome,4.18084595538
BAM Statistics,AB1,BGI3-RET2b-AB1,Depth of Coverage,genome,32.4691164558
BAM Statistics,AB1,BGI2-RET2-AB1,Depth of Coverage,genome,18.567037479
BAM Statistics,AB1,BGI1-RET2-AB1,Depth of Coverage,genome,19.3825142354
BAM Statistics,A6330,Rockman-R999.1-A6330,Depth of Coverage,genome,55.1014508737